旧值	新值	频率
01-单中心	单中心	554
单栏	单栏	385
02-双栏	双栏	330
单中心	单中心	318
并列比较+01	并列比较	264
CT-01	瀑布分析	150
瀑布	瀑布图	142
单中心-01	单中心	134
堆叠面积	面积图	130
网格+01	网格	129
趋势+01	折线图	120
散点+01	散点图	120
雷达	雷达图	118
矩阵热力	热力图	106
Scatter	散点图	96
横向排序	按排序	86
时间轴	时间轴	85
排序柱状	柱状图	80
Stacked area	面积图	75
堆叠	堆叠图	65
漏斗	漏斗图	64
多线对比	折线图	63
Flow	桑基图	61
26 并列比较	并列比较	60
桑基	桑基图	59
水平时间线	时间轴	59
08 面积累积	面积图	58
2x2矩阵	四象限	56
堆叠条	堆叠图	54
22 多维雷达	雷达图	50
10 瀑布流	瀑布图	49
桑基流+01	桑基图	49
折线	折线图	45
13 柱状图	柱状图	45
按时间排列	按排序	45
带参考线	其他专业图表	44
分组柱状	柱状图	42
2x2矩阵+01	四象限	42
气泡散点	散点图	40
07-折线图	折线图	40
07 趋势线	折线图	40
标准瀑布	瀑布图	40
气泡	气泡图	39
气泡+象限	气泡图	37
多雷达对比	雷达图	37
矩阵	矩阵	36
分组	按排序	36
09 热力图	热力图	35
径向居中	单中心	35
左→右流向	桑基图	35
瀑布+01	瀑布图	33
Heatmap	热力图	32
20-桑基图	桑基图	30
堆叠柱状	柱状图	29
20 桑基流	桑基图	29
按地理排列	地图	29
22-雷达图	雷达图	28
C02-瀑布分析	瀑布图	28
水平瀑布	瀑布图	28
按流量排序	按排序	28
网格	网格	28
08-面积图	面积图	27
分组对比	柱状图	25
散点	散点图	24
棒棒糖	条形图	24
热力地图	热力图	22
13-柱状图	柱状图	22
05-气泡图	气泡图	22
C10 散点+象限	散点图	22
时间线	时间轴	21
时间序列气泡	气泡图	21
C14-子弹图	子弹图	21
05 三维气泡	气泡图	21
棒棒糖图	条形图	20
C03-2x2矩阵	四象限	20
散点象限	散点图	20
CT-06	瀑布分析	20
气泡演变	气泡图	19
散点+趋势线	折线图	19
01 单中心聚焦	单中心	18
多雷达叠加	雷达图	18
C10-散点+象限	散点图	18
单栏居中	单栏	18
04 环形图	其他专业图表	18
按占比排序	按排序	18
并排箱线	箱线图	18
居中雷达	单中心	17
按贡献排序	按排序	17
按维度排列	按排序	17
桑基流向	桑基图	17
环形	其他专业图表	16
C13-Harvey Ball	其他专业图表	16
居中	单中心	16
三轴气泡	气泡图	16
Area	面积图	16
散点+回归线	散点图	15
C08-堆叠构成	堆叠图	15
双轴气泡	气泡图	15
按中位数排序	按排序	15
等值地图	地图	15
日历网格	网格	14
小提琴	箱线图	14
热力矩阵	热力图	13
06-气泡演变图	气泡图	13
26-并列比较	并列比较	13
四象限	四象限	13
甘特图	其他专业图表	13
双雷达对比	雷达图	13
多线趋势	折线图	13
水平条形	条形图	13
散点+象限	散点图	13
堆叠柱	堆叠图	12
子弹	子弹图	12
全宽桑基	全宽	12
按金额排序	按排序	12
按规模排序	按排序	12
旭日	饼图/环形图	12
Multi-line	折线图	12
面积	面积图	11
树图	树图	11
双雷达叠加	雷达图	11
C03 2x2矩阵	四象限	11
C04-时间线	时间轴	10
箱线图	箱线图	10
全宽	全宽	10
气泡矩阵	气泡图	10
按年份排列	按排序	10
折线+注释	折线图	10
子弹图	子弹图	10
面积增长	面积图	10
分级设色地图	地图	10
双轴柱状	柱状图	10
C05 对比表	瀑布分析	9
地图	地图	9
金字塔	其他专业图表	9
热力图	热力图	9
时间+气泡	气泡图	9
按最新规模排序	按排序	9
力导向网络	其他专业图表	8
气泡三维度	气泡图	8
森林图	其他专业图表	8
气泡地图	气泡图	8
全宽面积	全宽	8
S 曲线	折线图	8
双轴	柱状图	8
阶梯	折线图	8
决策树	其他专业图表	8
C04 时间线+里程碑	时间轴	8
C08 堆叠构成	堆叠图	8
按综合分排序	按排序	8
按成熟度排列	按排序	8
分组柱	柱状图	8
散点回归	散点图	8
散点四分	散点图	8
堆叠100%	堆叠图	8
分组对标	按排序	8
甘特	其他专业图表	7
2x2 气泡矩阵	四象限	7
人口金字塔	其他专业图表	7
四象限散点	四象限	7
水平箱线	箱线图	7
世界地图	地图	7
散点+参考线	散点图	7
饼图	饼图/环形图	7
多折线	折线图	7
C09 差距到目标	瀑布分析	7
06 气泡演变	气泡图	7
按差距排序	按排序	7
循环轮	其他专业图表	7
爆炸饼图	饼图/环形图	7
仪表盘	仪表盘	7
时间轴横向	时间轴	7
气泡+参考线	气泡图	7
单中心+目标线	单中心	7
水平棒棒排序	条形图	6
堆叠面积+事件	面积图	6
排序条	条形图	6
按阶段排列	按排序	6
Harvey Ball	其他专业图表	6
齿轮	其他专业图表	6
弧线	其他专业图表	6
水平排列	水平排列	6
3D散点	散点图	6
时间线+01	时间轴	6
Single center	单中心	6
08-仪表盘	仪表盘	6
标准漏斗	漏斗图	6
对抗面积	面积图	6
03 上下分层	其他专业图表	5
水平条形排序	条形图	5
瀑布条形	瀑布图	5
面积+事件标注	面积图	5
堆叠面积+事件标注	面积图	5
面积+目标线	面积图	5
火山图	其他专业图表	5
16-矩形树图	树图	5
矩形树	树图	5
双折线	折线图	5
散点+前沿	散点图	5
地图热力	热力图	5
辐轮	其他专业图表	5
32 漏斗	漏斗图	5
按总分排序	按排序	5
按时间顺序	按排序	5
固定曲线	折线图	5
按重要性排列	按排序	5
冰山	其他专业图表	5
蝴蝶图	其他专业图表	5
单中心+基准线	单中心	5
双线	折线图	5
多线	折线图	5
单中心+标准线	单中心	5
12 全幅沉浸	全宽	4
02 左右对比	双栏	4
07 径向中心	单中心	4
31 金字塔	其他专业图表	4
热力	热力图	4
堆叠条形	条形图	4
矩阵网格	网格	4
多坡度线	斜率图	4
线柱双轴	柱状图	4
热力网格	网格	4
桑基流向图	桑基图	4
多折线+事件标注	折线图	4
分面小提琴	分面	4
分组条形排序	柱状图	4
双面面积对比	面积图	4
双轴斜率图	斜率图	4
堆叠面积+事件线	面积图	4
散点+回归+标注	散点图	4
地理气泡	气泡图	4
分组面积+事件	面积图	4
多雷达+平均线+排名	雷达图	4
树形	树图	4
斜率	斜率图	4
森林	其他专业图表	4
并列	并列比较	4
多行子弹	子弹图	4
网络	其他专业图表	4
14 堆叠分段	堆叠图	4
按变化量排序	按排序	4
按流程排序	按排序	4
按风险排序	按排序	4
按位置排列	按排序	4
按频次降序	其他	4
按中心度排列	按排序	4
并列柱	柱状图	4
速度仪表	仪表盘	4
双轴折线	折线图	4
多雷达	雷达图	4
扇形预测	饼图/环形图	4
对比条形	条形图	4
04-信息图	其他专业图表	4
单中心+标杆	单中心	4
气泡+趋势线	折线图	4
11 紧凑仪表板	仪表盘	3
04 小 multiples	网格	3
17 网格	网格	3
39 齿轮	其他专业图表	3
气泡+四象限	四象限	3
分组堆叠条形	条形图	3
瀑布+N+2 格式	瀑布图	3
仪表盘网格布局	网格	3
热力网格矩阵	网格	3
桑基流左→右	桑基图	3
仪表盘网格	网格	3
洛伦兹曲线+对角线	折线图	3
水平棒棒排列	条形图	3
等值区域世界地图	地图	3
气泡纵向排列	气泡图	3
多折线叠加	折线图	3
地理气泡+图例	气泡图	3
水平棒棒+参考线	条形图	3
水平堆叠排序	堆叠图	3
矩形树图	树图	3
分组条形+参考线	柱状图	3
双面积对比+事件标注	面积图	3
堆叠面积+里程碑	面积图	3
分组条形+基准线	柱状图	3
双雷达对比+差距标注	雷达图	3
堆叠面积+政策标注	面积图	3
01-饼图	饼图/环形图	3
密集排列	按排序	3
居中仪表	单中心	3
3x3 网格	网格	3
散点+线	散点图	3
直方	柱状图	3
排序棒棒糖	条形图	3
柱状	柱状图	3
散点+前沿线	散点图	3
散点+阈值	散点图	3
散点+曲线	折线图	3
散点+幂律线	散点图	3
双轴交叉	柱状图	3
双轴时间	柱状图	3
对比	其他	3
时间轴+预测	时间轴	3
13 棒棒糖图	条形图	3
C07 趋势+拐点	折线图	3
地理排列	地图	3
按时间排序	按排序	3
按成本升序	其他	3
按逻辑排列	按排序	3
按层级排列	按排序	3
按品种排列	按排序	3
按投资排序气泡大小	气泡图	3
按评级排序	按排序	3
按缺口排序	按排序	3
按价差排序	按排序	3
按阶段顺序	其他	3
按变化排序	按排序	3
按份额排序	按排序	3
按流程排列	按排序	3
按环节顺序	其他	3
按影响排序	按排序	3
按严重度排列	按排序	3
按模型排列	按排序	3
按指标排列	按排序	3
面积对比	面积图	3
嵌套矩形	其他专业图表	3
多线叠加	折线图	3
折线面积	折线图	3
流程图	其他专业图表	3
双雷达	雷达图	3
对数折线	折线图	3
雷达排名	雷达图	3
饼图趋势	折线图	3
散点阈值	散点图	3
热力时间	热力图	3
面积周期	面积图	3
网格热力	网格	3
堆叠演变	堆叠图	3
利润桥	瀑布图	3
面积+增长率	面积图	3
多线(对数)	折线图	3
趋势+预测	折线图	3
散点+甜蜜点	散点图	3
散点+趋势	折线图	3
单中心+对标	单中心	3
11 地图+插图	地图	2
08 时间轴	时间轴	2
05 主次嵌套	其他专业图表	2
16 矩形树	树图	2
15 甘特	其他专业图表	2
33 辐轮	其他专业图表	2
波浪	面积图	2
魔力象限	四象限	2
无衬线，轴标签紧凑 |	排版描述(非composition)	2
3x4 网格小多图	网格	2
Helvetica Neue 14/10	排版描述(非composition)	2
热图+注释条	热力图	2
52x7 日历网格	网格	2
双列坡度图	斜率图	2
等值区域地图	地图	2
双轮廓雷达	雷达图	2
垂直堆叠迷你图	堆叠图	2
背靠背双金字塔	其他专业图表	2
等值区域+气泡叠加	气泡图	2
散点+趋势线+标注	折线图	2
分组条形对比	柱状图	2
左右对称蝴蝶形	其他专业图表	2
多环形并列	并列比较	2
四象限气泡	四象限	2
52×7 日历网格	网格	2
双色面积叠加	面积图	2
分组森林图	其他专业图表	2
散点+阈值线	散点图	2
水平决策树	其他专业图表	2
彩色河流叠加	面积图	2
森林图+汇总菱形	其他专业图表	2
多折线+事件注解	折线图	2
迷你图纵向列表	其他	2
三环嵌套，深色背景	其他专业图表	2
卡片网格布局	网格	2
散点+Top 标注	散点图	2
分组小提琴	箱线图	2
多曲线叠加	折线图	2
弧线世界地图	地图	2
散点+回归	散点图	2
分组水平条形	条形图	2
卡片网格	网格	2
漏斗形	漏斗图	2
热力网格，深色背景	网格	2
全景信息图	其他	2
气泡世界地图	气泡图	2
KM+风险表	其他	2
瀑布分解	瀑布图	2
瀑布排序	瀑布图	2
S 形曲线	折线图	2
热力矩阵排序	热力图	2
堆叠面积+时间	面积图	2
弦线环形图	其他专业图表	2
森林图+亚组标签	其他专业图表	2
折线+参考线	折线图	2
S 曲线+置信区间	折线图	2
矩阵分类+气泡	气泡图	2
散点+四象限	四象限	2
水平时间轴	时间轴	2
钟形曲线+阶段分区	折线图	2
热力矩阵（日历变体）	热力图	2
散点+四分位标注	散点图	2
面积+预测带	面积图	2
时间线+气泡大小	气泡图	2
分组柱状+误差线	柱状图	2
水平棒棒+区域着色	条形图	2
瀑布+行业分解	瀑布图	2
热图+聚类树	热力图	2
雷达+基准对比	雷达图	2
分组条形+差距标注	柱状图	2
棒棒糖+排序+分组	条形图	2
堆叠条+排名+增速	堆叠图	2
瀑布+阈值标注	瀑布图	2
棒棒糖+排序+阈值	条形图	2
堆叠条+增速标注+排名	堆叠图	2
堆叠面积+产品事件	面积图	2
2x2矩阵+象限标注	四象限	2
分组条形+平均线+排序	柱状图	2
32-漏斗	漏斗图	2
日历	其他专业图表	2
扇形	饼图/环形图	2
水平堆叠	堆叠图	2
力导向布局	其他专业图表	2
5x5 热力	热力图	2
漏斗散点	散点图	2
小倍数网格	网格	2
双面积	面积图	2
中心辐射	其他专业图表	2
时间轴+参考线	时间轴	2
分组箱线	箱线图	2
堆叠+参考线	堆叠图	2
瀑布阶梯	瀑布图	2
等值线地图	地图	2
堆叠+时间	堆叠图	2
01 饼图	饼图/环形图	2
16 矩形树图	树图	2
按最终排名排序	按排序	2
按显著性排序	按排序	2
按时间序列	按排序	2
固定网格	网格	2
按影响力排序	按排序	2
按 GDP 排序	按排序	2
按面积排序	面积图	2
按总支出排序	按排序	2
按完成度排序	按排序	2
按角度排列	按排序	2
按风险聚类排序	按排序	2
按份额排序气泡大小	气泡图	2
按重要性排序	按排序	2
按年龄排列	按排序	2
按数量降序	其他	2
按成本排序	按排序	2
按综合得分排序	按排序	2
按储量排序气泡大小	气泡图	2
按阶段排序	按排序	2
按溢价排序	按排序	2
按年龄组排列	按排序	2
按搜索量排序	按排序	2
按实现顺序	其他	2
按收入排序气泡大小	气泡图	2
按敏感度排序	按排序	2
按漏斗顺序	漏斗图	2
按金额排列矩形大小	按排序	2
按偏离排序	按排序	2
按排名排列	按排序	2
按相关系数排序	按排序	2
按最新份额排序	按排序	2
按效果聚类排序	按排序	2
按收入排序	按排序	2
按转型顺序	其他	2
按得分降序	其他	2
按区域排列	按排序	2
桑基流	桑基图	2
拼图	其他专业图表	2
UMAP	其他专业图表	2
三层面	其他专业图表	2
价值流	其他专业图表	2
控制图	折线图	2
左右双端	桑基图	2
水平树	树图	2
象限散点	散点图	2
钟形+标签	折线图	2
S形曲线	折线图	2
双曲线叠加	折线图	2
折线+带	折线图	2
面积折线	折线图	2
坡度图	斜率图	2
网络图	其他专业图表	2
极坐标	其他专业图表	2
散点趋势	折线图	2
散点参考线	散点图	2
小多图	网格	2
bump chart	斜率图	2
指数面积	面积图	2
留存曲线	折线图	2
同心圆	其他专业图表	2
面积双线	折线图	2
面积下降	面积图	2
路线地图	地图	2
散点目标	散点图	2
散点时间	散点图	2
双曲线	折线图	2
散点前沿	散点图	2
Network	其他专业图表	2
Radial	其他专业图表	2
Butterfly	其他专业图表	2
Map	地图	2
06-三栏	其他专业图表	2
散点+趋势线+象限	折线图	2
单中心+标杆线	单中心	2
散点+象限+标签	散点图	2
分组排序	按排序	2
散点+目标区	散点图	2
时间序列地图	地图	2
多供应商对比	其他专业图表	2
06 非对称平衡	其他专业图表	1
08 主次嵌套	其他专业图表	1
04 小多图	网格	1
09 手绘草图	其他专业图表	1
10 阶梯	折线图	1
NYT Upshot 14/12	排版描述(非composition)	1
Cairo 14/11	其他	1
34 循环轮	其他专业图表	1
49 冰山	其他专业图表	1
42 天平	其他专业图表	1
40 拼图	其他专业图表	1
41 杠杆	其他专业图表	1
53 宇宙	其他专业图表	1
59 树	其他专业图表	1
71 道路	其他专业图表	1
68 工厂	其他专业图表	1
63 马拉松	其他专业图表	1
62 城市	其他专业图表	1
67 实验	其他专业图表	1
57 书架	其他专业图表	1
70 传送带	其他专业图表	1
72 机器	其他专业图表	1
47 迷宫	其他专业图表	1
58 根源	其他专业图表	1
60 循环	其他专业图表	1
38 仪表盘	仪表盘	1
37 地铁	其他专业图表	1
36 ISOTYPE	其他专业图表	1
45 系谱	其他专业图表	1
46 组成	其他专业图表	1
52 三明治	其他专业图表	1
50 高山	其他专业图表	1
51 岛屿	其他专业图表	1
56 过山车	其他专业图表	1
64 进化	其他专业图表	1
66 聚集	其他专业图表	1
69 成套	其他专业图表	1
61 建筑	其他专业图表	1
65 食物链	其他专业图表	1
35 楼梯	其他专业图表	1
44 头部	其他专业图表	1
43 脸谱	其他专业图表	1
03 同心	其他专业图表	1
04 圆形	其他专业图表	1
05 气泡	气泡图	1
07 折线	折线图	1
08 面积	面积图	1
09 散点	散点图	1
10 旭日	饼图/环形图	1
11 扇形	饼图/环形图	1
12 风玫瑰	其他专业图表	1
13 柱状	柱状图	1
14 磁带	其他专业图表	1
18 周期表	网格	1
19 弧线	其他专业图表	1
21 弦线	其他专业图表	1
23 极坐标	其他专业图表	1
24 螺旋	其他专业图表	1
25 时间线	时间轴	1
26 并列	并列比较	1
27 树	其他专业图表	1
28 思维导图	其他专业图表	1
29 决策	其他专业图表	1
30 方框	其他专业图表	1
C01 MECE	瀑布分析	1
C02 瀑布	瀑布图	1
C03 矩阵	矩阵	1
C04 时间线	时间轴	1
C06 漏斗	漏斗图	1
C07 趋势	折线图	1
C08 堆叠	堆叠图	1
C09 差距	瀑布分析	1
C10 散点	散点图	1
C11 层级树	瀑布分析	1
C12 桥接	瀑布图	1
C13 Harvey	其他专业图表	1
C14 子弹	子弹图	1
C15 桑基	桑基图	1
C16 Issue	瀑布分析	1
V 形	其他专业图表	1
靶心	其他专业图表	1
蜂巢	其他专业图表	1
桥拱	瀑布图	1
双向漏斗	漏斗图	1
时钟	仪表盘	1
桥梁	瀑布图	1
温度计	仪表盘	1
瀑布目标	瀑布图	1
热力 Netflix Sans 12/10	热力图	1
对比柱	柱状图	1
对比表	其他	1
趋势	折线图	1
无衬线、克制、数据感 |	排版描述(非composition)	1
紧凑无衬线，数字加粗 |	排版描述(非composition)	1
微型标题、紧凑标签 |	其他	1
干净无衬线，数值右对齐 |	排版描述(非composition)	1
轻量无衬线，轴标签紧凑 |	排版描述(非composition)	1
紧凑表格感，数字等宽 |	其他	1
学术感，细线衬线+无衬线混搭 |	其他	1
中性无衬线，流标签字号随宽度缩放 |	排版描述(非composition)	1
干净无衬线，技能名左对齐 |	排版描述(非composition)	1
引线标签无衬线小字 |	排版描述(非composition)	1
标注小号无衬线，轴标签中等 |	排版描述(非composition)	1
右侧标签中等字号 |	其他	1
阶段名无衬线加粗，转化率小号斜体 |	其他	1
格内数字小号加粗，行列标签中等 |	其他	1
无衬线，数值右对齐 |	排版描述(非composition)	1
维度名居中加粗，分值外端 |	单中心	1
流线内嵌标签，随形弯曲 |	其他	1
气泡内小号加粗，象限名大号淡色 |	气泡图	1
措施名紧凑，金额加粗 |	其他	1
外环标签沿弧排列，小号无衬线 |	按排序	1
节点加粗，分支条件小号斜体 |	其他	1
无衬线，柱标签紧凑 |	排版描述(非composition)	1
品牌名无衬线，机会区标签斜体 |	排版描述(非composition)	1
大矩形大号加粗，小矩形微型 |	其他	1
节点标签紧凑无衬线 |	排版描述(非composition)	1
FT标志性衬线体(Maison Neue)，小号 |	排版描述(非composition)	1
FT衬线体，标签居中 |	排版描述(非composition)	1
FT衬线，州名加粗 |	排版描述(非composition)	1
微型无衬线，暗色底亮色字 |	排版描述(非composition)	1
FT衬线，事件标注斜体 |	排版描述(非composition)	1
FT衬线，层内标签适中 |	排版描述(非composition)	1
FT衬线，国名小号 |	排版描述(非composition)	1
FT衬线，温升标签加粗 |	排版描述(非composition)	1
FT衬线，面板标题中等 |	排版描述(非composition)	1
Economist衬线体，小号紧凑 |	排版描述(非composition)	1
Economist衬线，城市名斜体 |	排版描述(非composition)	1
Economist衬线，末端标签加粗 |	排版描述(非composition)	1
Economist衬线，面板标题加粗 |	排版描述(非composition)	1
Economist衬线，流标签微型 |	排版描述(非composition)	1
Economist衬线，年龄标注居中 |	排版描述(非composition)	1
无衬线，州缩写居中加粗 |	排版描述(非composition)	1
NYT英文衬线(Cheltenham)，金额加粗 |	排版描述(非composition)	1
极简，仅端点年份 |	其他	1
NYT衬线，事件名小号斜体 |	排版描述(非composition)	1
极简无衬线，图例小号 |	排版描述(非composition)	1
NYT衬线，数值加粗 |	排版描述(非composition)	1
无衬线，阶段名加粗 |	排版描述(非composition)	1
无衬线，事件名斜体 |	排版描述(非composition)	1
无衬线，数值加粗 |	排版描述(非composition)	1
无衬线，标注小号 |	排版描述(非composition)	1
等宽数字字体(Bloomberg Terminal风格)，荧光绿 |	其他	1
荧光数字，等宽 |	其他	1
无衬线，条内标签小号 |	排版描述(非composition)	1
无衬线，轻松感 |	排版描述(非composition)	1
极简 |	其他	1
无衬线，学科名中等 |	排版描述(非composition)	1
无衬线，扇区标签沿弧排列 |	排版描述(非composition)	1
微型无衬线，行列标签极小 |	排版描述(非composition)	1
Guardian无衬线(Guardian Egyptian)，简洁 |	排版描述(非composition)	1
Guardian衬线，国家名紧凑 |	排版描述(非composition)	1
无衬线，国名中等 |	排版描述(非composition)	1
Guardian衬线，面板标题加粗 |	排版描述(非composition)	1
无衬线，弧标签沿弧排列 |	排版描述(非composition)	1
Sans-serif（Source Sans Pro），标题 22px 加粗，轴标签 11px，标注文字 13px	排版描述(非composition)	1
Sans-serif，阶段名 12px 加粗，金额 14px 等宽字体	排版描述(非composition)	1
Sans-serif（Inter），郡名标注 9px，轴标签 12px，标题 24px	排版描述(非composition)	1
Sans-serif，收入数值 14px 加粗，国家名 11px 常规	排版描述(非composition)	1
Sans-serif，医院名 10px，百分比 11px 等宽加粗，列头 12px	排版描述(非composition)	1
Sans-serif，节点名 12px 加粗，流线标注 10px，金额 13px 等宽	排版描述(非composition)	1
Sans-serif，城市标注 10px，统计数字 24px 加粗等宽，年度标签 9px	排版描述(非composition)	1
Sans-serif，月份标签 11px，星期标签 9px，悬停详情 12px	排版描述(非composition)	1
Sans-serif，年份 11px，层数标注 12px 加粗，增幅 13px 红色等宽	排版描述(非composition)	1
Sans-serif，罪名标签 11px，月数 12px 等宽，标题 20px 加粗	排版描述(非composition)	1
Sans-serif，维度名 11px，评分 13px 加粗，养老院名 14px	排版描述(非composition)	1
Sans-serif，行业名 13px 加粗，时薪 12px 等宽，差额百分比 14px 红色加粗	排版描述(非composition)	1
Sans-serif，刻度标签 10px，群体标注 13px 加粗，矩形框内说明 11px	排版描述(非composition)	1
Sans-serif，癌症名 12px，倍数 14px 加粗等宽，参考线标注 11px	排版描述(非composition)	1
Sans-serif，百分比 11px 加粗等宽，公司名 10px，疾病名 10px 旋转45度	排版描述(非composition)	1
Sans-serif（Din/Fira Sans），选举人票数 14px 等宽加粗，区间标签 11px	排版描述(非composition)	1
Sans-serif，机构名 10px，评级 12px 加粗，误差值 9px 等宽	排版描述(非composition)	1
Sans-serif，球员名 9px，轴标签 11px，象限名 13px 加粗	排版描述(非composition)	1
Sans-serif，日期 10px，死亡人数 12px 等宽加粗，模型名 9px	排版描述(非composition)	1
Sans-serif，书名 11px，排名数字 13px 加粗等宽，标题 20px	排版描述(非composition)	1
Sans-serif，行业名 12px 加粗，薪酬 11px 等宽，差百分比 13px 橙色加粗	排版描述(非composition)	1
Sans-serif（Din），群体名 16px 加粗，统计数字 28px 等宽，细节描述 11px	排版描述(非composition)	1
Sans-serif，片名 11px，金额 12px 等宽，利润率 13px 加粗	排版描述(非composition)	1
Sans-serif，年龄段标签 10px，百分比 11px 等宽，变化标注 12px 橙色加粗	排版描述(非composition)	1
Sans-serif，球队名 11px，概率值 9px 等宽，指标名 10px 旋转	排版描述(非composition)	1
Sans-serif（Helvetica/Arial），轴标签 8pt，p 值标注 7pt，标题 10pt bold	排版描述(非composition)	1
Sans-serif（Arial），染色体标签 7pt，基因名 6pt italic，轴标题 9pt	排版描述(非composition)	1
Sans-serif（Arial），研究名 7pt，数值 7pt，轴标签 8pt，菱形标注 9pt bold	排版描述(非composition)	1
Sans-serif（Arial），基因名 5pt，轴标签 8pt，统计标注 7pt	排版描述(非composition)	1
Sans-serif（Arial），基因名 5pt 横排，细胞标签 6pt，色条标签 7pt	排版描述(非composition)	1
Sans-serif（Helvetica），细胞名 9pt bold，配体-受体标注 6pt，图例 7pt	排版描述(非composition)	1
Serif（Times New Roman），主图标签 9pt，底部表格 7pt，轴标题 10pt italic	排版描述(非composition)	1
Serif（Times），亚组名 8pt bold，数值 7pt，轴标签 8pt	排版描述(非composition)	1
Sans-serif（Arial），轴标签 8pt，p 值 9pt italic，数据标注 6pt	排版描述(非composition)	1
Sans-serif（Arial），轴标签 8pt，标注 7pt，标题 10pt bold	排版描述(非composition)	1
Sans-serif（Helvetica），药物名 6pt，色条标注 7pt，轴标题 9pt	排版描述(非composition)	1
Sans-serif（Helvetica），地区标注 7pt，图例 8pt，标题 11pt bold	排版描述(非composition)	1
Sans-serif（Arial），细胞名 8pt bold，图例 7pt，轴标签隐藏	排版描述(非composition)	1
Serif（Times New Roman），疾病名 8pt，数值 7pt，轴标题 9pt italic	排版描述(非composition)	1
Sans-serif（Arial），轴标签 8pt，RP2D 标注 9pt bold，曲线标注 7pt italic	排版描述(非composition)	1
Sans-serif（Deloitte 品牌字体），象限名 12pt bold，数据标注 9pt，轴标签 10pt	排版描述(非composition)	1
Sans-serif，维度名 9pt bold，数值 8pt，中心得分 24pt bold	排版描述(非composition)	1
Sans-serif（Accenture 品牌字体），技术名 8pt bold，轴标签 10pt，象限标注 11pt	排版描述(非composition)	1
Sans-serif（Roboto），能源名 8pt，年份 9pt，里程碑标注 7pt italic	排版描述(非composition)	1
Sans-serif（PwC 品牌字体），市场名 8pt bold，轴标签 10pt，象限标注 11pt	排版描述(非composition)	1
Sans-serif，举措名 8pt，数值 9pt bold，轴标签 10pt	排版描述(非composition)	1
Sans-serif（OW 品牌字体），顶层 14pt bold，中层 10pt，底层 8pt	排版描述(非composition)	1
Sans-serif，节点名 9pt bold，数值 8pt，流量标注 7pt	排版描述(非composition)	1
Sans-serif，细分名 8pt bold，数值 7pt，轴标签 10pt	排版描述(非composition)	1
Sans-serif，年份标签 9pt bold，百分比 7pt，玩家名 8pt	排版描述(非composition)	1
Sans-serif（Bain 品牌字体），企业名 8pt，百分比 9pt bold，轴标签 10pt	排版描述(非composition)	1
Sans-serif，价值来源名 8pt，估值 10pt bold，净增标注 11pt bold	排版描述(非composition)	1
Sans-serif（BCG 品牌字体），象限名 12pt bold，业务名 8pt，轴标签 10pt	排版描述(非composition)	1
Sans-serif，维度名 9pt bold，综合得分 20pt bold，得分表 8pt	排版描述(非composition)	1
Sans-serif（BCG 品牌字体），阶段名 11pt bold，举措 8pt，里程碑标注 9pt	排版描述(非composition)	1
Sans 14px 标题 + 11px 标签，数字等宽加粗	排版描述(非composition)	1
Sans 13px 河流标签 + 10px 刻度，末端标签加粗	排版描述(非composition)	1
Sans 16px 日期 + 13px 政策名，关键节点 18px 加粗	排版描述(非composition)	1
Sans 12px 标注 + 18px 统计数字，数字等宽	排版描述(非composition)	1
Sans 11px 省份标签 + 10px 数值，红色标注加粗	排版描述(非composition)	1
Sans 12px 城市标注 + 14px 案名，金额加粗	排版描述(非composition)	1
Serif 14px 标题 + Sans 11px 标签，事件标注斜体	排版描述(非composition)	1
Sans 13px 城市名 + 14px 数值加粗	排版描述(非composition)	1
Sans 12px 赛道标签 + 16px 标题	排版描述(非composition)	1
Sans 24px 关键数字 + 14px 正文，数字圆体加粗	排版描述(非composition)	1
Sans 14px 省份名 + 16px 金额加粗	排版描述(非composition)	1
Sans 13px 轴标签 + 11px 分值，年轻化圆体	排版描述(非composition)	1
Sans 14px 城市名 + 12px 指数，数字等宽	排版描述(非composition)	1
Sans 12px 年龄标签 + 16px 年份大号	排版描述(非composition)	1
Sans 12px 城市标注 + 24px 总里程数字等宽	排版描述(非composition)	1
Sans 13px 省份标注 + 16px 标题，数字加粗	排版描述(非composition)	1
Sans 14px 大块标签 + 10px 小块标签，白色文字	排版描述(非composition)	1
Sans 12px 国名 + 10px 贸易额，金色数字加粗	排版描述(非composition)	1
Serif 18px 模块标题 + Sans 12px 数据标注	排版描述(非composition)	1
Sans 14px 城市名 + 12px 段内金额，总金额18px加粗	排版描述(非composition)	1
Sans 48px 中心数字 + 14px 标签，数字等宽	排版描述(非composition)	1
Sans 11px 城市标注 + 14px 统计标签，微型圆角	排版描述(非composition)	1
Sans 12px 城市标注 + 14px 房源数，圆体	排版描述(非composition)	1
Sans 12px 地名 + 16px 等待时间	排版描述(非composition)	1
Sans 16px 维度标签 + 24px 中心文字，圆体加粗	排版描述(非composition)	1
Sans 32px 时长数字 + 14px 标签，数字等宽加粗	排版描述(非composition)	1
Sans 10px 月份标签 + 8px 星期标签，微型	排版描述(非composition)	1
Sans 12px 语言名 + 11px 百分比，等宽数字	排版描述(非composition)	1
Sans 20px 中心数字 + 12px 环标签，SF Pro 圆体	排版描述(非composition)	1
Sans 10px 极简，仅端点数值	排版描述(非composition)	1
Sans 14px 类型标签 + 20px 总时长，圆体	排版描述(非composition)	1
Sans 13px 流派名 + 11px 时长，圆体	排版描述(非composition)	1
Sans 12px 日期标签 + 14px 步数，数字等宽	排版描述(非composition)	1
Mono 24px 当前值 + Sans 12px 指标名	排版描述(非composition)	1
Sans 10px 日期 + 11px 事件标注	排版描述(非composition)	1
Serif 14px 战役标注 + Sans 11px 时间轴标签	排版描述(非composition)	1
Sans 14px 国名 + 16px 接种率，日期32px加粗	排版描述(非composition)	1
Sans 13px 灾害类型 + 11px 数值	排版描述(非composition)	1
Sans 12px 地点标注 + 14px 统计数字，路径标注微型	排版描述(非composition)	1
Serif（宋体/楷体）竖排，16px 朝代名 + 12px 年数	排版描述(非composition)	1
Serif 16px 正文 + Sans 24px 词汇标注，大量留白	排版描述(非composition)	1
Sans 12px 电影名 + 14px 百分比，大量留白	排版描述(非composition)	1
Mincho（明朝体）竖排 16px 正文 + 24px 标题	排版描述(非composition)	1
Serif 13px 行业标签 + Sans 10px 日期，法国衬线体	排版描述(非composition)	1
Sans 14px 能源标签 + 12px 事件标注，Spiegel Franklin Gothik	排版描述(非composition)	1
Sans-serif（Source Sans Pro），月份标签 14px 加粗，事件标注 11px 常规	排版描述(非composition)	1
Sans-serif（Franklin Gothic），城市标注 10px，标题 36px 粗体	排版描述(非composition)	1
Sans-serif（Inter），阶段名 12px 加粗，时间刻度 9px 等宽	排版描述(非composition)	1
Sans-serif（Guardian Egyptian），标题 28px 加粗，数据标注 11px	排版描述(非composition)	1
Serif（Postoni），标题用大号衬线体制造新闻感，数据标注 Sans-serif	排版描述(非composition)	1
Sans-serif（Roboto），国家名 11px，标题 24px	排版描述(非composition)	1
Sans-serif（Helvetica Neue），议员名 9px，标题 20px	排版描述(非composition)	1
Serif（Georgia），地名 11px 斜体，标题 30px 衬线加粗	排版描述(非composition)	1
Sans-serif（Noto Sans），语系名 13px 加粗，小语种 8px	排版描述(非composition)	1
Sans-serif（Metric, FT 品牌字体），标注 10px，标题 22px	排版描述(非composition)	1
Sans-serif（Source Sans Pro），年份标注 10px，标题 26px	排版描述(非composition)	1
Sans-serif（Open Sans），时段标注 9px，标题 24px	排版描述(非composition)	1
Sans-serif（Akzidenz Grotesk），赛程标注 10px，标题 28px	排版描述(非composition)	1
Serif（Economist自定义Serif），数值 10px，国家名 9px	排版描述(非composition)	1
Sans-serif（Roboto），食物名 14px 加粗，数值 18px 加粗	排版描述(非composition)	1
Sans-serif（Arial），SDG 编号 12px 加粗，百分比 14px	排版描述(非composition)	1
Sans-serif（Segoe UI），数据标注 11px，标题 20px 加粗	排版描述(非composition)	1
Sans-serif（Calibri），国家名 10px，百分比 11px 加粗	排版描述(非composition)	1
Sans-serif（Open Sans），层标签 11px，标题 18px	排版描述(非composition)	1
Sans-serif（思源黑体），产业名 11px，年份 9px	排版描述(非composition)	1
Sans-serif（Arial），年龄段 9px，标题 18px	排版描述(非composition)	1
Sans-serif（思源黑体），省名 8px，图例 9px	排版描述(非composition)	1
Sans-serif（Segoe UI），国家名 10px，得分 12px 加粗	排版描述(非composition)	1
Sans-serif（Calibri），国名 9px，标题 18px	排版描述(非composition)	1
Sans-serif（Open Sans），国家名 8px，年份 9px	排版描述(非composition)	1
Sans-serif（思源黑体），品类名 10px，百分比 11px 加粗	排版描述(非composition)	1
Sans-serif（Arial），节点名 11px 加粗，流量值 10px	排版描述(非composition)	1
Sans-serif（Segoe UI），年份 14px 加粗，标题 20px	排版描述(非composition)	1
Sans-serif（Calibri），国名缩写 8px，标题 18px	排版描述(非composition)	1
Sans-serif（思源黑体），产品名 11px，标题 18px	排版描述(非composition)	1
Sans-serif（Source Sans Pro），国名 10px，标题 22px	排版描述(非composition)	1
Sans-serif（-apple-system），月份 10px，星期 9px	排版描述(非composition)	1
Sans-serif（Helvetica/Arial），城市名 12px，标题 16px	排版描述(非composition)	1
Sans-serif（DejaVu Sans），模型名 9px，数据集名 12px	排版描述(非composition)	1
Sans-serif（Tableau 品牌字体），国名 12px，年份大号显示 48px	排版描述(非composition)	1
Sans-serif（Source Sans Pro），党派名 12px，标题 20px	排版描述(非composition)	1
Sans-serif（Helvetica），变量名 10px，相关系数 9px	排版描述(非composition)	1
Mono（Fira Code），频率标注 10px，数值 14px	排版描述(非composition)	1
Sans-serif（DejaVu Sans），物种名 12px，标题 16px	排版描述(非composition)	1
Sans-serif（Tableau 品牌字体），金额 12px 加粗，标题 20px	排版描述(非composition)	1
Sans-serif（Source Sans Pro），国家名 9px，标题 20px	排版描述(非composition)	1
Sans-serif（Helvetica），分量名 12px，时间刻度 9px	排版描述(非composition)	1
Mono（Consolas/Fira Code），数值 11px，类别名 10px	排版描述(非composition)	1
Sans-serif（Roboto），道路名 8px，标题 18px	排版描述(非composition)	1
衬线=权威感，无衬线=现代感，等宽=数据感	排版描述(非composition)	1
网格矩阵，行=能力维度，列=评估对象	网格	1
标准瀑布，起点=2024 利润，终点=2025 利润	瀑布图	1
水平排列箭头，宽度递增表达加速推进	水平排列	1
标准堆叠面积，x 轴=年份	面积图	1
标准瀑布 + 折线叠加	瀑布图	1
柱顶标驱动名，起点终点标总额	排版描述(非composition)	1
柱顶写差异原因，底部写最终差异额	排版描述(非composition)	1
末端节点写具体发现和建议	排版描述(非composition)	1
最低值写行动建议，达标标"OK"	排版描述(非composition)	1
气泡内写简称+增长率，象限标名称	气泡图	1
Log-log 坐标，标准经验曲线	折线图	1
多期叠加，箭头连接同业务不同年份	其他	1
三图层叠加，共享中心点	其他	1
标准热力矩阵，5x5 格	热力图	1
点旁标国名和增速值，底部标世界平均线	排版描述(非composition)	1
双列坡度图，左列=2024 排名，右列=2025	斜率图	1
发散条形，零线居中	单中心	1
对称条形，中间轴	其他专业图表	1
左轴=柱（金额），右轴=线（%）	排版描述(非composition)	1
扇形从当前点向外扩散	饼图/环形图	1
Multi-panel 紧凑布局	分面	1
上部=K 线，下部=成交量柱	排版描述(非composition)	1
Times New Roman 分组柱，底部标注	排版描述(非composition)	1
标准表格，行=国家，列=指标	排版描述(非composition)	1
Fractile 概率带，50%/90%区间	其他	1
柱状+水平参考线	柱状图	1
子弹图，背景=分段灰度	子弹图	1
Fractile 带状聚合	其他	1
Guardian 等值区域地图	排版描述(非composition)	1
双轴复合，左=金额右=人数	柱状图	1
水平哑铃，按差距排序	条形图	1
并列箱线图，共享 y 轴	并列比较	1
分组面积堆叠	面积图	1
对称热力矩阵，上三角	其他专业图表	1
径向排列，360 度环形	其他专业图表	1
Marimekko 双维度	其他	1
多 S 曲线叠加	折线图	1
堆叠柱+折线叠加	折线图	1
标准气泡图，标注甜蜜区	气泡图	1
森林图标准格式	其他专业图表	1
标准 K-M 曲线，x=时间 y=生存率	折线图	1
标准火山图，x=log2FC y=-log10p	其他专业图表	1
热图+行列树状图	热力图	1
分组柱+误差线+统计标注	柱状图	1
2x2 复合面板	四象限	1
并列小提琴+内嵌箱线	并列比较	1
散点叠加均值+误差线	散点图	1
双密度曲线叠加	折线图	1
2x2 或 3x3 分面	四象限	1
标准甘特图，行=任务列=时间	其他专业图表	1
标准桑基，左=入口右=出口	桑基图	1
嵌套矩形，面积=金额	其他专业图表	1
同心圆环，内层=大类外层=子类	其他专业图表	1
标准漏斗，上宽下窄	漏斗图	1
水平时间线，从左到右	时间轴	1
标准表格，行=维度列=选项	排版描述(非composition)	1
树状分解，根=问题叶=假设	树图	1
子弹图标准格式	子弹图	1
2x2 网格，标注四象限名称	四象限	1
情绪曲线+阶段标注	折线图	1
水平流程图，分段标注	其他专业图表	1
瀑布+信号叠加	瀑布图	1
分组棒棒糖，组内排序	条形图	1
堆叠面积，x=年份	面积图	1
连点散点，时间=颜色渐变	散点图	1
条形 Mekko，宽=体量内=构成	条形图	1
标准柱图+CAGR 标注	其他	1
水平条形+误差线	条形图	1
面积图+事件标注	面积图	1
标准柱图+水平参考线	其他专业图表	1
点阵排列，每点=单位值	其他专业图表	1
散点+四分象限	散点图	1
半圆仪表盘	仪表盘	1
CDF 曲线，x=响应时间 y=累积概率	折线图	1
条形+显著性连线	条形图	1
散点+回归线+置信区间	散点图	1
10x10 方格，按类填色	按排序	1
瀑布图，分来源和用途两组	瀑布图	1
水平棒棒糖+参考线	条形图	1
面积+折线双轴	折线图	1
发散堆叠，零线居中	单中心	1
箱线+散点叠加	散点图	1
极坐标排列，12 根柱	其他专业图表	1
分组误差线	其他专业图表	1
Helvetica Neue 12/10	排版描述(非composition)	1
Arial 12/10	排版描述(非composition)	1
垂直条形排序	条形图	1
左侧地图+右侧时间线	地图	1
线柱复合+事件标注	其他专业图表	1
2x2 网格+案例标注	四象限	1
分组条形，干预前后对比	柱状图	1
双轴复合，左=年右=$	柱状图	1
面积图+参考线	面积图	1
水平棒棒糖排序	条形图	1
散点+回归+置信带	散点图	1
3x5 网格小多图	网格	1
河流图（Sankey 变体）	桑基图	1
垂直柱图+水平参考线	其他专业图表	1
堆叠密度曲线叠加	折线图	1
累积阶梯图	折线图	1
散点+等高线叠加	散点图	1
条形 Mekko	条形图	1
气泡排名	气泡图	1
环形进度列表	其他专业图表	1
瀑布+差距标注	瀑布图	1
桑基+瓶颈标注	桑基图	1
上下复合：上=Harvey Ball 下=雷达	雷达图	1
水平 5 列子弹图	子弹图	1
树状分解	树图	1
热力矩阵，行排序按年总分	热力图	1
分面箱线小提琴叠加	分面	1
误差线+显著性连线	其他专业图表	1
热图+行列聚类树	热力图	1
生存曲线+风险表	折线图	1
矩阵网格，对角线密度图	网格	1
上升阶梯曲线	折线图	1
水平排列，顶部标题	水平排列	1
堆叠面积，底部基线	面积图	1
瀑布+N+2 桥接格式	瀑布图	1
雷达+目标环形	其他专业图表	1
5×5 网格，对角线梯度	网格	1
变宽条形并列	并列比较	1
两条主线+注解	其他	1
堆叠河流，彩色波浪	堆叠图	1
2×4 网格小多图	网格	1
人物图标阵列	其他专业图表	1
多条坡度线	斜率图	1
水平排列，按进度排序	水平排列	1
多坡度并列	并列比较	1
面积+参考线	面积图	1
分组棒棒糖	条形图	1
雷达+象限叠加	雷达图	1
上升阶梯	折线图	1
面积+时间注解	面积图	1
散点+回归阴影带	散点图	1
面积+水平参考线	面积图	1
地图+时间线组合	地图	1
左右对比棒棒糖	双栏	1
水平时间线+上下标注	时间轴	1
3×3 网格小图	网格	1
嵌套圆形树图	其他专业图表	1
平行坐标，深色背景	其他专业图表	1
圆形和弦图，深色背景	其他专业图表	1
柱状+引用	柱状图	1
K 线+底部成交量	其他	1
热力图+Bloomberg 色标	热力图	1
水平点阵排列	其他专业图表	1
垂直排列的点+线	按排序	1
多条个体线叠加	其他	1
散点+三条水平参考线	散点图	1
两条 CDF 曲线	折线图	1
垂直森林图	其他专业图表	1
等高线+散点叠加	散点图	1
分组柱+误差线+字母	柱状图	1
S 形曲线+置信带	折线图	1
2-4 圆韦恩图	其他专业图表	1
水平箭头时间线	时间轴	1
钟形曲线+时间轴	折线图	1
4×4 评分矩阵	矩阵	1
5×3 小 multiples 网格	网格	1
阶梯+雷达组合	雷达图	1
桑基流，左→右	桑基图	1
散点+标注	散点图	1
大面积+时间注解	面积图	1
水平棒棒图	条形图	1
地图+侧边小图	地图	1
双线+侧边故事	折线图	1
系列地图+底部时间线	地图	1
瀑布漏斗混合	瀑布图	1
堆叠面积+时间注解	面积图	1
蝴蝶条形	条形图	1
折线+预测阴影带	折线图	1
变宽条形 Mekko	条形图	1
桥接+目标线	瀑布图	1
对数坐标曲线	折线图	1
3 个 2x2 矩阵并列	四象限	1
水平棒棒图+区间	条形图	1
3D 热力曲面	热力图	1
小 multiples 地图	网格	1
象形图标阵列	其他专业图表	1
散点+人物标注	散点图	1
多曲线叠加+风险表	折线图	1
箱线+抖动散点	散点图	1
分组条形+误差线	柱状图	1
彩色波浪河流	面积图	1
点阵+侧边故事	其他专业图表	1
彩色河流，深色背景	面积图	1
嵌套矩形树图	其他专业图表	1
七层金字塔	其他专业图表	1
同心圆三层面	其他专业图表	1
水平价值链	其他专业图表	1
2x2 情景矩阵	四象限	1
水平哑铃排列	条形图	1
水平棒棒+区间条	条形图	1
板块热力矩阵	热力图	1
多斜线+事件注解	其他专业图表	1
10×10 点阵阵列	其他专业图表	1
大面积+侧边故事	面积图	1
水平条形+引用	条形图	1
蝴蝶对称条形	其他专业图表	1
嵌套同心圆	其他专业图表	1
累积条形水平排列	水平排列	1
上三角热力矩阵	热力图	1
堆叠密度曲线	折线图	1
散点+水平阈值线	散点图	1
散点+置信椭圆	散点图	1
散点簇状图	散点图	1
环状多轨道	其他专业图表	1
热图+行聚类	热力图	1
条形+折线双轴	折线图	1
四同心圆雷达	雷达图	1
气泡+象限标注	气泡图	1
桥接条形	条形图	1
瀑布+N+2	瀑布图	1
面积+贫困线	面积图	1
双嵌套饼图	其他专业图表	1
线柱+注解	其他	1
2×4 小 multiples 网格	网格	1
12 扇玫瑰图，深色背景	其他专业图表	1
竖排卡片流	其他	1
点密度世界地图	地图	1
水平棒棒+衰退带	条形图	1
面积+衰退阴影	面积图	1
水平时间线+注解	时间轴	1
等值区域欧洲地图	地图	1
散点+公平参考线	散点图	1
地图+物种标注	地图	1
散点+通路标签	散点图	1
多层热图堆叠	堆叠图	1
KM 曲线+底部森林图	折线图	1
曼哈顿散点+阈值线	散点图	1
S 形曲线叠加	折线图	1
流行曲线直方图	折线图	1
面积+零基线	面积图	1
折线+事件注解	折线图	1
动态气泡散点	散点图	1
环形图，深色背景	其他专业图表	1
仪表盘，深色背景	仪表盘	1
折线+目标带	折线图	1
漏斗形，左宽右窄	漏斗图	1
热力地图，深色背景	热力图	1
手绘风格框图	其他	1
地图+时间线	地图	1
地图+弧线流向	桑基图	1
地图+侧边数据	地图	1
地图+底部面积图	面积图	1
点密度地图	地图	1
柱状+事件注解	柱状图	1
弧线地图	地图	1
分组蜜蜂群	按排序	1
脊线叠加	其他	1
柱状+累积线双轴	柱状图	1
密度曲线+填充	折线图	1
扇形预测带	饼图/环形图	1
瀑布+量价分解	瀑布图	1
雷达+基准线	雷达图	1
网络+颜色编码	其他专业图表	1
瀑布+NPS 分解	瀑布图	1
散点+回归+气泡	散点图	1
多面积+阈值线	面积图	1
微笑曲线	折线图	1
365 天日历网格	网格	1
双色河流	面积图	1
垂直条纹序列	其他	1
嵌套气泡	其他专业图表	1
词云+侧边条形	条形图	1
多曲线叠加+填充	折线图	1
三面板垂直排列	按排序	1
散点+对角参考线	散点图	1
4×4 矩阵	矩阵	1
旅程时间线+情感曲线	折线图	1
三同心圆气泡	气泡图	1
17 个仪表盘网格	网格	1
堆叠面积，深色背景	面积图	1
水平点图+CI	其他	1
弧线中国地图	地图	1
面积+荣枯线	面积图	1
水平棒棒+区间线	条形图	1
阶梯曲线+删失标记	折线图	1
气泡演变序列	气泡图	1
瀑布+时间分解	瀑布图	1
气泡四象限	四象限	1
3×3 评分矩阵	矩阵	1
堆叠棒棒图	条形图	1
水平棒棒对比	条形图	1
散点世界地图	散点图	1
散点+气泡	散点图	1
箱线+检验标注	箱线图	1
折线+误差带	折线图	1
分面网格散点	网格	1
条形+显著性字母	条形图	1
小提琴+箱线叠加	箱线图	1
热图+聚类	热力图	1
S 形曲线+标注	折线图	1
热表+显著标记	其他	1
通路网络图	其他专业图表	1
分层森林图	其他专业图表	1
分组水平条形，深色背景	条形图	1
卡片网格，深色背景	网格	1
散点+等高线	散点图	1
环形条形排列	其他专业图表	1
等值区域中国地图	地图	1
分面小提琴网格	网格	1
漏斗+继任标注	漏斗图	1
瀑布+价值分解	瀑布图	1
水平棒棒+区间	条形图	1
面积+不确定带	面积图	1
对比地图	地图	1
多组垂直条纹	其他	1
多灾种叠加地图	地图	1
散点+党派色	散点图	1
热图+临床注释条	热力图	1
环形饼图	其他专业图表	1
分面散点+回归	分面	1
面积+债务上限线	面积图	1
瀑布+ROI 分解	瀑布图	1
污染叠加地图	地图	1
分支轨迹图	其他	1
直方图+干预线	柱状图	1
多折线+事件	折线图	1
箱线+统计标注	箱线图	1
条形+误差棒	条形图	1
多 KM 曲线分面	分面	1
水平技术时间线	时间轴	1
带状预测区间	其他专业图表	1
多层漏斗	漏斗图	1
3×3 气候风险矩阵	矩阵	1
瀑布+价格泄露	瀑布图	1
面积+政策注解	面积图	1
水平棒棒+生活工资线	条形图	1
堆叠水平条形	条形图	1
彩色河流	面积图	1
散点+S 形拟合	散点图	1
森林+Meta 回归	其他专业图表	1
瀑布+供应链分解	瀑布图	1
水平棒棒+目标线	条形图	1
散点+公平线	散点图	1
热图+地理分面	分面	1
瀑布+安全分解	瀑布图	1
双色面积	面积图	1
雷达+目标	雷达图	1
散点四象限	四象限	1
阶梯+置信带	折线图	1
瀑布+来源分解	瀑布图	1
面积+基准线	面积图	1
多留存曲线叠加	折线图	1
散点+区间线	散点图	1
水平里程碑时间线	时间轴	1
环形热图	其他专业图表	1
2×2 多面板	四象限	1
2x2 象限	四象限	1
瀑布+CX 分解	瀑布图	1
瀑布+财务分解	瀑布图	1
3×4 成熟度矩阵	矩阵	1
瀑布+并购分解	瀑布图	1
全球弧线连接图	其他专业图表	1
决策树+分支	其他专业图表	1
并列条形对比	并列比较	1
堆叠面积+时间轴	面积图	1
2x2 风险矩阵	四象限	1
箱线+小提琴并列	并列比较	1
地理气泡图	气泡图	1
斜率图+标注	斜率图	1
双生存曲线+CI	折线图	1
散点+回归线+置信带	散点图	1
聚类热图+dendrogram	热力图	1
环形条形排名	其他专业图表	1
甘特图+里程碑	其他专业图表	1
多仪表盘布局	仪表盘	1
Salesforce 漏斗	漏斗图	1
小提琴+箱线组合	箱线图	1
水平堆叠条形	条形图	1
2x2 热力矩阵	四象限	1
面积+柱状双轴	面积图	1
仪表盘+雷达组合	雷达图	1
瀑布+预测虚线	瀑布图	1
水平棒棒+垂直目标线	条形图	1
地理热力图	热力图	1
和弦环形图	其他专业图表	1
双雷达叠加（当前 vs 目标）	雷达图	1
五层阶梯+定位箭头	折线图	1
散点+离群点标注	散点图	1
热力矩阵+注释	热力图	1
冰山+分层标注	其他专业图表	1
堆叠面积+总量线	面积图	1
折线+置信带+参考线	折线图	1
条形+趋势线叠加	折线图	1
瀑布+灾害分解	瀑布图	1
桑基+地域标注	桑基图	1
时间线+标注	时间轴	1
分组箱线图	箱线图	1
热力矩阵（warming stripes 变体）	热力图	1
多层环形图+引线	其他专业图表	1
洛伦兹曲线	折线图	1
分面小提琴图	分面	1
瀑布+经济分解	瀑布图	1
直方图+参考线	柱状图	1
桑基+工具迁移	桑基图	1
分面折线+标注	分面	1
折线+预测区间+事件	折线图	1
散点气泡混合	散点图	1
水平棒棒+垂直均值线	条形图	1
直方图+正态曲线	折线图	1
地理气泡+航线	气泡图	1
蝴蝶图（双向条形）	条形图	1
热矩阵+侧注	矩阵	1
金字塔分层	其他专业图表	1
甘特+关键路径	其他专业图表	1
多漏斗对比	漏斗图	1
时间线+严重度标注	时间轴	1
多仪表盘+评级	仪表盘	1
双面面积+交叉点	面积图	1
堆叠柱状+虚线预测	柱状图	1
Harvey Ball 矩阵	其他专业图表	1
面积+事件线	面积图	1
折线+周期阴影	折线图	1
散点+等值线	散点图	1
多折线+终点标注	折线图	1
多折线+峰值标注	折线图	1
分面直方图	分面	1
漏斗+时长标注	漏斗图	1
气泡+决策标注	气泡图	1
分组面积	面积图	1
堆叠柱状+标注	柱状图	1
双环形对比	其他专业图表	1
水平棒棒+GDP 参考线	条形图	1
堆叠面积+占比线	面积图	1
分组柱状+参考线	柱状图	1
瀑布+驱动分解	瀑布图	1
分组柱状+目标线	柱状图	1
分组条形+事件	柱状图	1
漏斗+运营标注	漏斗图	1
地理气泡+SDG 标注	气泡图	1
时间线+影响标注	时间轴	1
瀑布+根因分解	瀑布图	1
热力矩阵+评级	热力图	1
热力路径图	热力图	1
面积+季节性	面积图	1
水平棒棒+排名	条形图	1
分组柱状+成功率标注	柱状图	1
树状分化图	树图	1
森林图+干预标签	其他专业图表	1
堆叠面积+交叉点	面积图	1
地理气泡+密度	气泡图	1
折线+里程碑	折线图	1
S 曲线+拐点标注	折线图	1
地理气泡+评级	气泡图	1
折线+基准线+事件	折线图	1
水平棒棒+分组着色	条形图	1
双面面积+事件	面积图	1
堆叠柱状趋势	折线图	1
分组面积+里程碑	面积图	1
桑基+碳流向	桑基图	1
瀑布+成本分解	瀑布图	1
S 曲线+阶段标注	折线图	1
五层阶梯+定位	折线图	1
折线+事件线	折线图	1
直方图+基准线	柱状图	1
水平棒棒+均值线	条形图	1
多折线+基准线	折线图	1
多仪表盘+条形	条形图	1
散点+误差棒+模型线	散点图	1
分组柱状+基准线	柱状图	1
瀑布+减排分解	瀑布图	1
双漏斗对比	漏斗图	1
三雷达叠加	雷达图	1
S 曲线+目标线	折线图	1
2x2 决策矩阵	四象限	1
分组柱状+对照组	柱状图	1
折线+参考线+事件	折线图	1
折线+预测带	折线图	1
阶梯图+标注	折线图	1
桑基+转型流向	桑基图	1
堆叠面积+目标线	面积图	1
水平棒棒+政策条形	条形图	1
堆叠条形趋势	折线图	1
桑基流+基准标注	桑基图	1
阶梯+阶段标签	折线图	1
瀑布+构成拆解	瀑布图	1
2x2矩阵+动态箭头	四象限	1
多雷达叠加对比	雷达图	1
世界地图+分级着色	地图	1
2x2扩展矩阵+聚类	四象限	1
雷达+目标线	雷达图	1
分叉折线+基线	折线图	1
棒棒糖+排序+目标线	条形图	1
堆叠条+百分比标签	堆叠图	1
小提琴+中位线+置信区间	箱线图	1
双面积对比+恢复标签	面积图	1
堆叠面积+路径对比	面积图	1
桑基+流向标注	桑基图	1
多雷达+基准线	雷达图	1
树图+合规标记	树图	1
弦线+节点大小+颜色	其他专业图表	1
桑基+风险标注+替代路径	桑基图	1
对比漏斗+基线标注	漏斗图	1
气泡+盈亏线+类型标签	气泡图	1
雷达+聚类标注	雷达图	1
仪表盘+热力网格	网格	1
漏斗+归因标注	漏斗图	1
矩形树+状态标记	树图	1
分组条形+推荐标记	柱状图	1
桑基+转化标注	桑基图	1
气泡+趋势箭头+分类	折线图	1
热力矩阵+时段标注	热力图	1
2x2矩阵+优先标注	四象限	1
曲线+散点定位+区域	折线图	1
气泡+象限+领导者圈	气泡图	1
堆叠条+增长箭头	堆叠图	1
瀑布+基准线	瀑布图	1
雷达+目标对比+差距	雷达图	1
散点+分类颜色+目标线	散点图	1
分组条形+降幅百分比	柱状图	1
多雷达+世代对比	雷达图	1
气泡+象限+决策标注	气泡图	1
瀑布+趋势箭头	瀑布图	1
堆叠条+预期实际对比	堆叠图	1
桥接+因素分解	瀑布图	1
瀑布+分类标注	瀑布图	1
堆叠条+回收期标注	堆叠图	1
热力矩阵+偏好边界	热力图	1
气泡+趋势+预算约束	折线图	1
雷达+标杆对比+差距	雷达图	1
堆叠条+风险分级	堆叠图	1
棒棒糖+排序+区间	条形图	1
地图+变化标注	地图	1
分组条形+预期区间	柱状图	1
分组面积+参考线+标注	面积图	1
多折线面板+基线	折线图	1
矩阵+时间线+严格度	时间轴	1
散点+历史基线+危险区	散点图	1
弦线+节点大小+桥接标注	其他专业图表	1
热图+侧边注释条	热力图	1
森林图+效力阈值+分组	其他专业图表	1
生存曲线+风险表+p值	折线图	1
面积+事件标注+峰值	面积图	1
分组面积+事件区域	面积图	1
堆叠面积+交叉点标注	面积图	1
桑基+前后对比标注	桑基图	1
分组柱状+增速标注	柱状图	1
堆叠条+文化标注	堆叠图	1
气泡+加速线+品类标签	气泡图	1
分组条形+偏好标注	柱状图	1
散点+分界线+增速颜色	散点图	1
堆叠条+理想比例对比	堆叠图	1
散点+最优区间标注	散点图	1
漏斗+最佳实践对比	漏斗图	1
双面积对比+拐点	面积图	1
气泡+中位线+技能标签	气泡图	1
瀑布+优化标注	瀑布图	1
棒棒糖+排序变化+标注	条形图	1
堆叠条+集中度标注	堆叠图	1
分组条形+可控性分组	柱状图	1
瀑布+ROI标注	瀑布图	1
多雷达对比+平均线	雷达图	1
瀑布+目标差距标注	瀑布图	1
气泡+平均线+奖项标注	气泡图	1
小提琴+事件标注+排序	箱线图	1
散点+冠军区域标注	散点图	1
柱状+目标线+趋势	折线图	1
堆叠柱状+事件标注	柱状图	1
热力矩阵+政策标注	热力图	1
堆叠面积+政策事件	面积图	1
棒棒糖+排序+历史对比	条形图	1
棒棒糖+排序+标准线	条形图	1
瀑布+历史节点标注	瀑布图	1
桑基+金额标注	桑基图	1
气泡+增速线+品类标签	气泡图	1
对比漏斗+最佳实践	漏斗图	1
堆叠条+底线标注+排名	堆叠图	1
矩形树图+增速标注	树图	1
分组柱状+事件标注	柱状图	1
气泡+增速箭头+标签	气泡图	1
多面积对比+事件标注	面积图	1
堆叠条+全球对比	堆叠图	1
散点+最佳实践线	散点图	1
雷达+荣枯线+标注	雷达图	1
漏斗+金额标注+流失率	漏斗图	1
桑基+存活率标注	桑基图	1
双雷达对比+溢价标注	雷达图	1
桑基+政策标注	桑基图	1
分组柱状+平均线+排序	柱状图	1
桑基+流向粗细+标注	桑基图	1
堆叠条+阈值线+排名	堆叠图	1
世界地图+变化标注	地图	1
棒棒糖+排序+分界线	条形图	1
雷达+标准线+标注	雷达图	1
箱线图+中位线+排序	箱线图	1
棒棒糖+排序+分界	条形图	1
多雷达+平均线+最优	雷达图	1
瀑布+贡献分解	瀑布图	1
分组条形+参考线+排序	柱状图	1
棒棒糖+分组+分界线	条形图	1
气泡+阈值线+区域颜色	气泡图	1
多S曲线+阶段标注	折线图	1
堆叠面积+拐点标注	面积图	1
桑基+转化率标注	桑基图	1
雷达+标准线+排名	雷达图	1
堆叠条+监管底线+排名	堆叠图	1
多雷达+平均线	雷达图	1
棒棒糖+排序+行业色	条形图	1
面积+事件标注+情绪色	面积图	1
堆叠面积+目标路径	面积图	1
多折线+里程碑标注	折线图	1
桑基+流向标注+变化	桑基图	1
堆叠条+总量标注+排序	堆叠图	1
瀑布+平价线+对比	瀑布图	1
双面积对比+差距填充	面积图	1
棒棒糖+排序+倒计时	条形图	1
面积+热点标注+政策事件	面积图	1
气泡+代际标注+性价比线	气泡图	1
散点+前沿曲线+极限	折线图	1
ROC曲线面板+对角线+AUC	折线图	1
堆叠条+统计标注+排序	堆叠图	1
弦线+模块标注+连接强度	其他专业图表	1
箱线图+阈值线+模型数	箱线图	1
小提琴+标准线+群体标注	箱线图	1
密度曲线+中位线+标注	折线图	1
散点+趋势线+学科色	折线图	1
分组条形+状态标注+对比	柱状图	1
桑基+最佳实践对比	桑基图	1
阶梯+行业对比+平均	折线图	1
气泡+阈值线+领域标签	气泡图	1
桑基+流向标注+比例	桑基图	1
瀑布+可控标注+排名	瀑布图	1
桑基+净流标注+排名	桑基图	1
金字塔+年代对比+标注	其他专业图表	1
瀑布+政策效果标注	瀑布图	1
多雷达+平均线+对比	雷达图	1
堆叠条+改革标注+增速	堆叠图	1
折线+政策标注+趋势	折线图	1
堆叠面积+窗口标注	面积图	1
面积+目标线+里程碑	面积图	1
散点+时期色+政策点	散点图	1
气泡+曲线阶段+ROI标注	折线图	1
箱线图+对比线+异常值	箱线图	1
棒棒糖+排序+变化箭头	条形图	1
桑基+金额标注+流向	桑基图	1
漏斗+金额+流失率	漏斗图	1
气泡+门槛线+技术标签	气泡图	1
堆叠条+YoY变化标注	堆叠图	1
多雷达+基线+差距	雷达图	1
多雷达+平均线+阶段	雷达图	1
双雷达+门槛线+差距	雷达图	1
散点+基线+模式标签	散点图	1
堆叠面积+阶段标注	面积图	1
气泡+平均线+领域标签	气泡图	1
瀑布+复用率标注	瀑布图	1
2x2矩阵+优先级标注	四象限	1
堆叠面积+集中度标注	面积图	1
棒棒糖+排序+平均线	条形图	1
散点+象限+风险颜色	散点图	1
瀑布+ROE标注	瀑布图	1
堆叠条+人均总额+增速	堆叠图	1
气泡+箭头+战略标注	气泡图	1
瀑布+目标+难度标注	瀑布图	1
甘特+瀑布组合	瀑布图	1
多折线面板+基准线	折线图	1
瀑布+归因标注	瀑布图	1
气泡+倍数线+行业色	气泡图	1
箱线图+年份趋势+对比	折线图	1
气泡+季度演变+热度	气泡图	1
漏斗+行业对比+存活率	漏斗图	1
漏斗+美国对比+流失率	漏斗图	1
瀑布+基准标注	瀑布图	1
堆叠条+趋势箭头	折线图	1
堆叠面积+周期标注	面积图	1
气泡+分层标注+估值色	气泡图	1
散点+模式色+基准线	散点图	1
分组条形+基准+排序	柱状图	1
箱线图+中位线+异常值	箱线图	1
桑基+乘数标注	桑基图	1
散点+对角线+公司标签	散点图	1
堆叠条+ARPA趋势	折线图	1
散点+最佳区域+模式色	散点图	1
堆叠面积+总时间趋势	折线图	1
桑基+抽成标注	桑基图	1
瀑布+可控性标注	瀑布图	1
气泡+时间色+回报大小	气泡图	1
C10-瀑布+归因	瀑布图	1
36-ISOTYPE	其他专业图表	1
10-旭日图	饼图/环形图	1
25-时间线	时间轴	1
09-散点图	散点图	1
19-弧线图	其他专业图表	1
双栏对比	双栏	1
单指标	其他	1
矩阵式	矩阵	1
全宽单图	全宽	1
密集网格	网格	1
单行	其他	1
密集线条	折线图	1
垂直排列	按排序	1
居中回路	单中心	1
辐射状	其他专业图表	1
5x5 网格	网格	1
力导向	其他专业图表	1
上下组合	其他专业图表	1
居中循环	单中心	1
散点+区间	散点图	1
方阵热力	热力图	1
垂直小提琴	箱线图	1
平行线	其他专业图表	1
钟形曲线	折线图	1
日历矩阵	其他专业图表	1
方框网格	网格	1
曲线	折线图	1
森林分面	分面	1
散点火山	散点图	1
垂直流程	其他专业图表	1
哑铃	条形图	1
散点密度	散点图	1
热力条纹	热力图	1
地图路径	地图	1
ISOTYPE	其他专业图表	1
3D 投影	其他专业图表	1
小倍数并列	并列比较	1
球场半场	其他专业图表	1
曲线+区间	折线图	1
蝴蝶对称	其他专业图表	1
城市地图	地图	1
气泡网格	网格	1
城区地图	地图	1
地图叠加	地图	1
散点+对数线	散点图	1
分区背景	其他	1
四象限分区	四象限	1
单列对比	其他	1
坐标轴+气泡大小	气泡图	1
环形分区	其他专业图表	1
横向对比	水平排列	1
阶梯式	折线图	1
漏斗收窄	漏斗图	1
流向图	桑基图	1
时间轴+预测区	时间轴	1
饼图分区	饼图/环形图	1
正负轴	其他专业图表	1
矩形嵌套	其他专业图表	1
垂直参考线	其他专业图表	1
热图+树	热力图	1
多面板	分面	1
时间轴+曲线	折线图	1
横向+参考线	其他专业图表	1
双轴散点	散点图	1
分组+时间	按排序	1
曲线+参考线	折线图	1
等值线	地图	1
柱+参考线	其他专业图表	1
球场	其他专业图表	1
气泡+曲线	折线图	1
地图气泡	气泡图	1
堆叠+预测	堆叠图	1
C14 子弹图	子弹图	1
单中心，多面板并排	单中心	1
对称布局，中线分隔	其他专业图表	1
共享 x 轴，y 轴时间	按排序	1
分组排列，共享 x 轴	按排序	1
按差距大小排序	按排序	1
按终点值排序	按排序	1
按变化幅度排序	按排序	1
按终点排序	按排序	1
y 轴倒序(1在顶)	其他	1
按区域分组排列	按排序	1
按营养不良率排序	按排序	1
按发表年份或权重排序	按排序	1
按亚组逻辑排序	按排序	1
按效应量大小排序	按排序	1
按系数逻辑分组	按排序	1
按处理剂量排序	按排序	1
固定参考线	其他专业图表	1
聚类树排序	按排序	1
按染色体顺序	其他	1
按处理组/对照组	其他	1
时间点对齐	按排序	1
按染色体排列	按排序	1
按交集大小排序	按排序	1
按效率降序	其他	1
按流量大小排序	按排序	1
按能量流排序	按排序	1
按值降序排列	按排序	1
按金额大小排序	按排序	1
按差值排序	按排序	1
按收入组排序	按排序	1
按文化维度分面	分面	1
按维度逻辑排序	按排序	1
固定网格大小	网格	1
按事件重要性排序	按排序	1
按基线值排序	按排序	1
固定参考三角	其他	1
按区域分组	按排序	1
按损失排序	按排序	1
按 CPI 排序	按排序	1
按最新评分排序	按排序	1
按支柱分组	按排序	1
按排名排序	按排序	1
按净分值排序	按排序	1
固定坐标轴	其他	1
按分歧度排序	按排序	1
按议题逻辑排序	按排序	1
按严重程度排序	按排序	1
按减排力度排序	按排序	1
按地区逻辑排序	按排序	1
按总分排序气泡大小	气泡图	1
按教育回报率排序	按排序	1
按流量聚类排序	按排序	1
按合规率排序	按排序	1
按 SDG 编号	其他	1
按排放量排序	按排序	1
按风险敞口排序气泡大小	气泡图	1
按 2050 价格排序	按排序	1
按行业聚类	按排序	1
按平均评级排序	按排序	1
按组别逻辑排序	按排序	1
按周期阶段排序	按排序	1
按显著性排序标注	按排序	1
按通路逻辑排列	按排序	1
按实验顺序	其他	1
按疗效排序	按排序	1
按基线排序	按排序	1
固定对角线	其他	1
按物理位置排序	按排序	1
按基因组位置	其他	1
按拟时间排序	按排序	1
按簇大小	其他	1
按特异性排序	按排序	1
按门层级	其他	1
按机制顺序	其他	1
按波长排列	按排序	1
按温度排列	按排序	1
按轨道距离	其他	1
按年代自上而下	其他	1
按时间/空间	按排序	1
按时间螺旋	其他专业图表	1
按 LCOE 排序	按排序	1
按最新渗透率排序	按排序	1
按偏差排序	按排序	1
按总装机排序	按排序	1
按评分定位	其他	1
按类别分组	按排序	1
按采用顺序	其他	1
按用户数排列	按排序	1
按精益逻辑	其他	1
按四步排列	按排序	1
按差额排序	按排序	1
按不良率排序	按排序	1
按进度排序	按排序	1
按最新值排序	按排序	1
按装机排序	按排序	1
按客流聚类	其他	1
按出口量排序气泡大小	气泡图	1
按周期顺序	其他	1
按收入升序自下而上	其他	1
按规模排列矩形大小	按排序	1
按产业链分层	其他	1
按资助额排序	按排序	1
按研发强度排序	按排序	1
按 PER 排序	按排序	1
按进球排序	按排序	1
按 xG 排序	按排序	1
按最终排名排序线粗细	按排序	1
按完赛排名排序	按排序	1
按总数降序	其他	1
按使用率排序	按排序	1
按播放量降序	其他	1
按流派聚类	按排序	1
按溢价排序标注	按排序	1
按期限排列	按排序	1
按夏普比率排序	按排序	1
按资产逻辑排列	按排序	1
固定象限	其他专业图表	1
按年份/因子聚类	按排序	1
按最新排名排序	按排序	1
按费用率排序	按排序	1
按综合评级排序	按排序	1
按指标逻辑排列	按排序	1
按争议数排序	按排序	1
按行业/议题聚类	其他	1
按风险类别排列	按排序	1
按预算逻辑	其他	1
按时间颜色编码	按排序	1
按场景排列	按排序	1
按总就业排序	按排序	1
按小时排列	按排序	1
按视觉冲击排列	按排序	1
按功率排序	按排序	1
按成熟度排序	按排序	1
按总时长排序	按排序	1
按发生率聚类排序	按排序	1
按 DALY 排序	按排序	1
按公平指数排序	按排序	1
按 UHC 指数排序	按排序	1
按效果排序气泡大小	气泡图	1
按覆盖率排序	按排序	1
按特征排列	按排序	1
按综合排名排序气泡大小	气泡图	1
按排名降序	其他	1
按斜率(公平度)排序	斜率图	1
按 2023 值排序	按排序	1
按空置率排序	按排序	1
按比值排序	按排序	1
按准确度排序	按排序	1
按收益率排序	按排序	1
按评分排序	按排序	1
按时段/区域排列	按排序	1
按恢复率排序	按排序	1
按地理/枢纽排列	地图	1
按航线排列	按排序	1
按 LPI 排序	按排序	1
按最新占比排序	按排序	1
按角色排列	按排序	1
按喜爱率排序	按排序	1
按当前排名排序	按排序	1
按价值排序	按排序	1
按频率聚类排序	按排序	1
按频率排序	按排序	1
按战术/技术排列	按排序	1
按 ROI 排序	按排序	1
按响应顺序	其他	1
按严重度排序	按排序	1
按 7S 逻辑	其他	1
按 Horizon 排列	按排序	1
按循环顺序	其他专业图表	1
按采用阶段排序	按排序	1
按回报期排序	按排序	1
按融合度排列	按排序	1
按轮次排列	按排序	1
按采用率排列	按排序	1
按差异排序	按排序	1
按创始人排列	按排序	1
按强度排序	按排序	1
按风险排列	按排序	1
按 BSC 逻辑	其他专业图表	1
按 Objective 分组	按排序	1
按吸引力×地位	其他	1
按时间色编码	按排序	1
按吸引力排序	按排序	1
按旅程顺序	其他	1
按原因排序	按排序	1
按月排列	按排序	1
按价值层级	其他	1
按提及率排序	按排序	1
按价值×潜力排序气泡大小	气泡图	1
按进入顺序	其他	1
按支出排序气泡大小	气泡图	1
按距离排列	按排序	1
按战略逻辑	其他	1
按 OHI 框架排列	按排序	1
按风险排序气泡大小	气泡图	1
按决策顺序	其他	1
按弹性排序	按排序	1
按关联强度聚类	其他	1
按 LTV 排序	按排序	1
按收入区间	其他	1
按偏离度排序	按排序	1
按视觉叙事排列	按排序	1
按时间/歌曲排列	按排序	1
按概率分箱	其他	1
按民主评分排序	按排序	1
按波动率排序	按排序	1
按党派/时间聚类	其他	1
按流动逻辑	其他	1
按脑区解剖排列	按排序	1
按丰度降序	其他	1
按实验条件分面	分面	1
按通量排序	按排序	1
按排放排序	按排序	1
按 AUC 排序	按排序	1
按触发温度排序	按排序	1
按消费总量排序	按排序	1
按当前值排序	按排序	1
按分位排列	按排序	1
按基尼系数排序	按排序	1
按财富升序自下而上	其他	1
按流程顺序	其他	1
按总成本排序	按排序	1
按周转降序	其他	1
按综合评分排序	按排序	1
固定天平	其他专业图表	1
按增长率排序	按排序	1
按群体排列	按排序	1
按多样性排序	按排序	1
按季度排列	按排序	1
按品牌排列	按排序	1
按回忆率排序	按排序	1
按 GMV 排序	按排序	1
按 CLV 排序	按排序	1
按 CX 得分排序	按排序	1
按功能聚类	按排序	1
按渗透率排序	按排序	1
按数字指数排序	按排序	1
按预测量排序	按排序	1
按 FSI 排序	按排序	1
按季节强度排序	按排序	1
按发表年份排序	按排序	1
按区域聚类	按排序	1
按功能逻辑排列	按排序	1
按密度排序	按排序	1
按高度排序气泡大小	气泡图	1
按诊断逻辑	其他	1
按总量排序	按排序	1
按满意度排序	按排序	1
按问题数降序	其他	1
按销量降序	其他	1
按级别排列	按排序	1
按能量密度排序	按排序	1
按难度排序	按排序	1
按投资排序	按排序	1
按生态赤字排序	按排序	1
按回收率排序	按排序	1
按排放量排序气泡大小	气泡图	1
按触发关系排列	按排序	1
按边界排列	按排序	1
按数据值排列	按排序	1
按组排列	按排序	1
按值排序沿圆弧	按排序	1
固定视角	其他	1
按数值排列	按排序	1
按拟合值排列	按排序	1
按损失降序	其他	1
按深度排序	按排序	1
按类型排列	按排序	1
按赛事进程	其他	1
按类别排列	按排序	1
按效率排序	按排序	1
按中心排列	按排序	1
按增速排序	按排序	1
按性能排序气泡大小	气泡图	1
按下载量降序	其他	1
按任务排列	按排序	1
按版本排列	按排序	1
按精度排序	按排序	1
按异常值降序	其他	1
按客运量降序	其他	1
按增值排序	按排序	1
按金属排列	按排序	1
按预测排序	按排序	1
按体系排列	按排序	1
按网速排序	按排序	1
按效果排序	按排序	1
按价值排序气泡大小	气泡图	1
按趋势排列	折线图	1
按当前渗透率排序	按排序	1
按净变化排序	按排序	1
按周排列	按排序	1
按预测额排序	按排序	1
按 CTR 排序	按排序	1
按成本效益排序气泡大小	气泡图	1
按指数排序	按排序	1
按项目排列	按排序	1
按职级排列	按排序	1
按产值排序	按排序	1
按最新价差排序	按排序	1
按竞争力排序	按排序	1
按影响力排序气泡大小	气泡图	1
按综合影响力排序	按排序	1
按当前数量排序	按排序	1
按军费排序	按排序	1
按制裁数排列	按排序	1
按民主指数排序	按排序	1
按当前指数排序	按排序	1
按投票率排序	按排序	1
按社区大小排列	按排序	1
按度数排列	按排序	1
按学科聚类排序	按排序	1
按论文量排序气泡大小	气泡图	1
按合作数排列	按排序	1
按回报率排序	按排序	1
按 Altmetric 排序气泡大小	气泡图	1
按总成绩排序	按排序	1
按平均分排序气泡大小	气泡图	1
按概率排列	按排序	1
按消费量排序	按排序	1
按损耗排序	按排序	1
按销售额排序气泡大小	气泡图	1
按性价比排序	按排序	1
按销售额降序	其他	1
按犹豫指数排序	按排序	1
按浓度排序气泡大小	气泡图	1
按路线排列	按排序	1
按濒危程度排序	按排序	1
按优先级排序	按排序	1
按专利排序气泡大小	气泡图	1
按月/类型排列	按排序	1
按 GDP 排序气泡大小	气泡图	1
按创新指数排序气泡大小	气泡图	1
按碳强度排序	按排序	1
按蔓延程度排序	按排序	1
按最新指数排序	按排序	1
按租金降序	其他	1
单中心-左对齐	单中心	1
多面板网格	网格	1
左右流式	桑基图	1
时间轴+气泡	气泡图	1
垂直漏斗	漏斗图	1
标准雷达	雷达图	1
升序柱状	柱状图	1
标准金字塔	其他专业图表	1
齿轮组	其他专业图表	1
垂直时间线	时间轴	1
并排小提琴	箱线图	1
漏斗+标注	漏斗图	1
排序条形	条形图	1
抽象树	树图	1
分段堆叠	堆叠图	1
马赛克	其他专业图表	1
桑基攻击流	桑基图	1
雷达合规	雷达图	1
弦线网络	其他专业图表	1
齿轮协作	其他专业图表	1
桥接图	瀑布图	1
弦线	其他专业图表	1
桑基贸易	桑基图	1
曼哈顿	其他专业图表	1
KM曲线	折线图	1
点地图	地图	1
多层面积	面积图	1
CDF曲线	折线图	1
ECDF	其他专业图表	1
QQ图	其他专业图表	1
t-SNE	其他专业图表	1
Locus Zoom	排版描述(非composition)	1
漏斗图增强	漏斗图	1
CONSORT	其他专业图表	1
PRISMA	其他专业图表	1
机制图	其他	1
图文摘要	其他	1
Small Multiples	排版描述(非composition)	1
3D表面	其他专业图表	1
半对数	其他专业图表	1
双对数	其他专业图表	1
残差图	其他专业图表	1
环形柱	其他专业图表	1
平行坐标	其他专业图表	1
星图	其他	1
哑铃图	条形图	1
斜率图	斜率图	1
Marimekko	其他	1
经验曲线	折线图	1
客户旅程	其他专业图表	1
价值金字塔	其他专业图表	1
瀑布图	瀑布图	1
忠诚度循环	其他专业图表	1
系统动力学	其他专业图表	1
成熟度阶梯	折线图	1
风险热力图	热力图	1
价值树	其他专业图表	1
流程挖掘	其他专业图表	1
综合比率	其他专业图表	1
TPP画像	其他专业图表	1
工业4.0	其他专业图表	1
采购瀑布	瀑布图	1
文化战略	其他专业图表	1
技术曲线	折线图	1
数字化阶梯	折线图	1
AI路线图	其他专业图表	1
服务交付	其他专业图表	1
敏捷雷达	雷达图	1
服务饼图	饼图/环形图	1
5G矩阵	矩阵	1
云迁移	其他专业图表	1
GE九宫格	网格	1
BCG矩阵	矩阵	1
Ansoff矩阵	矩阵	1
五力模型	其他专业图表	1
价值链	其他专业图表	1
平衡计分卡	其他专业图表	1
OKR树	其他专业图表	1
7S模型	其他专业图表	1
战略布局	其他专业图表	1
ERRG框	其他专业图表	1
精益画布	其他专业图表	1
BMC画布	其他专业图表	1
价值主张	其他专业图表	1
交叉SWOT	其他专业图表	1
PESTLE雷达	雷达图	1
五力演变	其他专业图表	1
JTBD金字塔	其他专业图表	1
双钻模型	其他专业图表	1
Scrum流程	其他专业图表	1
PI规划	其他专业图表	1
ITIL循环	其他专业图表	1
COBIT矩阵	矩阵	1
RCM矩阵	矩阵	1
NIST框架	其他专业图表	1
CMMI阶梯	折线图	1
DMAIC	其他专业图表	1
看板	其他专业图表	1
A3报告	其他专业图表	1
鱼骨图	其他专业图表	1
五问树	其他专业图表	1
FMEA矩阵	矩阵	1
帕累托	其他专业图表	1
亲和图	其他专业图表	1
矩阵图	矩阵	1
关联图	其他专业图表	1
优先级矩阵	矩阵	1
活动网络	其他专业图表	1
PERT图	其他专业图表	1
运行图	其他	1
直方图	柱状图	1
瀑布桥接	瀑布图	1
迷你图矩阵	矩阵	1
单中心+上下对称	单中心	1
单中心+顶部指标	单中心	1
上下双面板	其他	1
叠加价格线	其他	1
云区+线叠加	其他	1
径向中心	单中心	1
多层交叉线	其他	1
多轴并列	并列比较	1
中心+外环	其他专业图表	1
折线+控制带	折线图	1
网格矩阵	网格	1
7×52网格	网格	1
10×10网格	网格	1
地理底图+点	地图	1
行政区划	地图	1
变形地理	地图	1
六边形密铺	地图	1
对称流动	桑基图	1
垂直分层	其他专业图表	1
大圆套小圆	其他专业图表	1
并列箱体	并列比较	1
并列小提琴	并列比较	1
水平展开	水平排列	1
垂直堆叠	堆叠图	1
线性节点+弧	其他	1
同心径向	其他专业图表	1
垂直嵌套	其他专业图表	1
交叉网格	网格	1
水平时间条	时间轴	1
有向图	其他专业图表	1
柱状+线	柱状图	1
直方+累积	柱状图	1
5×5矩阵	矩阵	1
五边形雷达	雷达图	1
3×3气泡矩阵	气泡图	1
二维气泡	气泡图	1
2×2饼图组	四象限	1
分组排列	按排序	1
雷达扫描	雷达图	1
阶梯上升	折线图	1
密度叠加	其他专业图表	1
12×8矩阵	矩阵	1
聚类散点	散点图	1
前沿曲线	折线图	1
对称条	其他专业图表	1
城市网络	其他专业图表	1
场地热力	热力图	1
场地网络	其他专业图表	1
双方面积	面积图	1
多线并列	并列比较	1
20×4矩阵	矩阵	1
多级波动	其他	1
并列+参考线	并列比较	1
六边形地图	地图	1
有向网络	其他专业图表	1
八边形雷达	雷达图	1
双轴柱线	柱状图	1
流程时间线	时间轴	1
桑基演变	桑基图	1
面积+虚线	面积图	1
甘特模块	其他专业图表	1
分类矩阵	矩阵	1
箱线散点	散点图	1
日历热力	热力图	1
折线置信带	折线图	1
柱状参考线	柱状图	1
散点点阵	散点图	1
条形+地图	条形图	1
桑基地图	桑基图	1
雷达评分	雷达图	1
箱线	箱线图	1
面积图	面积图	1
折线带	折线图	1
枢纽网络	其他专业图表	1
指数下降	其他专业图表	1
面积对抗	面积图	1
折线周期	折线图	1
3D结构	其他专业图表	1
条形排名	条形图	1
散点矩阵	散点图	1
旅程时间线	时间轴	1
指数曲线	折线图	1
传播树	树图	1
实时折线	折线图	1
分布密度	柱状图	1
直方累积	柱状图	1
折线多类型	折线图	1
日内热力	热力图	1
堆叠长轴	堆叠图	1
扇形多线	折线图	1
周期热力	热力图	1
前沿散点	散点图	1
堆叠环境	堆叠图	1
对数曲线	折线图	1
仪表	仪表盘	1
热力桑基	桑基图	1
饼图时间	饼图/环形图	1
双轴面积	面积图	1
时间异常	其他	1
面积预警	面积图	1
多线周期	折线图	1
桑基追溯	桑基图	1
热力平面	热力图	1
实时面积	面积图	1
六边形热力	热力图	1
时空热力	热力图	1
时间线阈值	时间轴	1
仪表盘分解	仪表盘	1
桑基平衡	桑基图	1
道路热力	热力图	1
堆叠热力	堆叠图	1
时间线网络	其他专业图表	1
漏斗对比	漏斗图	1
知识树	树图	1
面积堆叠	面积图	1
Lorenz曲线	折线图	1
阶段漏斗	漏斗图	1
对数下降	其他专业图表	1
堆叠影响	堆叠图	1
面积目标	面积图	1
路径图	其他	1
扇形集合	饼图/环形图	1
等值热力	热力图	1
变化热力	热力图	1
面积衰减	面积图	1
热力预警	热力图	1
折线下降	折线图	1
桑基全链	桑基图	1
扇形情景	饼图/环形图	1
堆叠目标	堆叠图	1
韦恩图	其他专业图表	1
散点路径	散点图	1
面积变化	面积图	1
并列比较	并列比较	1
桑基排名	桑基图	1
期限曲线	折线图	1
折线波动	折线图	1
折线零线	折线图	1
多线归一	折线图	1
折线参考	折线图	1
面积基线	面积图	1
散点最优	散点图	1
面积衰退	面积图	1
柱状区间	柱状图	1
页面热力	热力图	1
累积曲线	折线图	1
队列热力	热力图	1
漏斗耗时	漏斗图	1
折线优化	折线图	1
堆叠趋势	折线图	1
堆叠面积线	面积图	1
堆叠NPS	堆叠图	1
生命周期	其他	1
面积事件	面积图	1
九宫格	网格	1
面积地图	面积图	1
面积改善	面积图	1
热力赛段	热力图	1
散点极限	散点图	1
路线热力	热力图	1
堆叠夜间	堆叠图	1
对数面积	面积图	1
基因组轨道	其他专业图表	1
OncoPrint	其他专业图表	1
散点置信	散点图	1
多线超越	折线图	1
甜甜圈	饼图/环形图	1
气泡网络	气泡图	1
双部网络	其他专业图表	1
覆盖地图	地图	1
事件显示	其他	1
散点信号	散点图	1
深场	其他	1
功率谱	其他专业图表	1
排除区域	其他	1
桑基循环	其他专业图表	1
散点技术	散点图	1
时间线地图	地图	1
网络地图	地图	1
态势雷达	雷达图	1
收敛折线	折线图	1
面积目标带	面积图	1
折线下限	折线图	1
散点泡沫	散点图	1
散点压力	散点图	1
对比折线	折线图	1
桑基流动	桑基图	1
漏斗排队	漏斗图	1
面积流动	面积图	1
多线收敛	折线图	1
折线价差	折线图	1
多线变动	折线图	1
利率曲线	折线图	1
折线季节	折线图	1
堆叠转型	堆叠图	1
面积归零	面积图	1
气泡场景	气泡图	1
棒棒糖方向	条形图	1
ROC曲线	折线图	1
PR曲线	折线图	1
散点收敛	散点图	1
折线采集	折线图	1
层叠桑基	桑基图	1
散点聚类	散点图	1
移动平均	其他	1
流程	其他	1
DAG图	其他专业图表	1
散点一致	散点图	1
分组条形	柱状图	1
散点优势	散点图	1
对数对比	其他专业图表	1
线路图	其他	1
散点集中	散点图	1
循环桑基	其他专业图表	1
面积价格	面积图	1
折线调整	折线图	1
气泡风险	气泡图	1
散点风险	散点图	1
子弹图+01	子弹图	1
抽象树+01	树图	1
Circular	其他专业图表	1
Treemap	树图	1
Chord	桑基图	1
Dual line	折线图	1
Box plot	箱线图	1
Violin	箱线图	1
Forest	其他专业图表	1
Donut	饼图/环形图	1
Slope	斜率图	1
Dumbbell	条形图	1
Lollipop	条形图	1
MQ	其他	1
Wave	面积图	1
Hype	折线图	1
Experience	其他	1
Pareto	其他	1
Lorenz	折线图	1
Pyramid	其他专业图表	1
Volcano	其他专业图表	1
Manhattan	其他专业图表	1
Parallel	其他专业图表	1
Calendar	其他专业图表	1
Stream	面积图	1
Bullet	子弹图	1
03-列表	其他专业图表	1
地图+图例	地图	1
单线+标记点	折线图	1
控制图+限线	折线图	1
散点+趋势线+区间	折线图	1
双线+零轴	折线图	1
球场热力	热力图	1
散点+热力叠加	散点图	1
面积+日票房柱	面积图	1
面积+变化率	面积图	1
面积+警戒线	面积图	1
单线	折线图	1
面积+日均	面积图	1
航线网络图	其他专业图表	1
面积+阈值线	面积图	1
面积+标注	面积图	1
气泡+参考区间	气泡图	1
单中心+行业基准	单中心	1
气泡+网格	网格	1
单中心+阈值线	单中心	1
单中心+认证线	单中心	1
面积+区域对比	面积图	1
港口热力地图	热力图	1
分组横向	按排序	1
面积+缺口标注	面积图	1
发射场地图	地图	1
气泡+曲线分区	折线图	1
McKinsey标准瀑布	瀑布图	1
单中心+分位线	单中心	1
BCG价值桥	瀑布图	1
优先级热力	热力图	1
EBITDA桥	瀑布图	1
单中心+要求线	单中心	1
协同价值桥	瀑布图	1
面积+交易量	面积图	1
税改桥	瀑布图	1
单中心+门槛线	单中心	1
成本桥	瀑布图	1
价值桥	瀑布图	1
面积+占比	面积图	1
聚类热图	热力图	1
气泡+理论线	气泡图	1
生存曲线	折线图	1
散点+网络叠加	散点图	1
剂量反应热力	热力图	1
对数坐标	其他专业图表	1
散点+对角线	散点图	1
KM曲线+风险表	折线图	1
KM曲线+亚组	折线图	1
瀑布响应图	瀑布图	1
散点+基准线	散点图	1
散点+回归树	散点图	1
分组对比+误差线	柱状图	1
多线(对齐)	折线图	1
多组KM曲线	折线图	1
点分布地图	地图	1
面积+任务线	面积图	1
多基金对比	其他专业图表	1
单中心+等级线	单中心	1
堆叠面积+配置线	面积图	1
散点+分区	散点图	1
财富桥	瀑布图	1
球场网络热力	热力图	1
单中心+模板	单中心	1
多线面积	折线图	1
控制图+σ线	折线图	1
帕累托柱+累计线	其他专业图表	1
多线(各产线)	折线图	1
精益价值桥	瀑布图	1
单中心+原则线	单中心	1
多线(标准化)	折线图	1
成本瀑布	瀑布图	1
散点+底线	散点图	1
产业地图	地图	1
单中心+排名	单中心	1
能源地图	地图	1
面积+政策标注	面积图	1
资源地图	地图	1
单中心+对标线	单中心	1
反应筛选热力	热力图	1
多线(raster)	折线图	1
分组柱状+误差	柱状图	1
曼哈顿图	其他专业图表	1
面积+倒计时	面积图	1
模型集合热力	热力图	1
学习曲线瀑布	瀑布图	1
散点+学习线	散点图	1
面积+风险标注	面积图	1
气泡+边界圆	气泡图	1
散点+森林叠加	散点图	1
嵌套树图	其他专业图表	1
气泡+排名	气泡图	1
流向地图	桑基图	1
气泡+幂律线	气泡图	1
分配瀑布	瀑布图	1
定价瀑布	瀑布图	1
趋势+极限	折线图	1
效益瀑布	瀑布图	1
健康瀑布	瀑布图	1
生命周期面积	面积图	1
多线(各触点)	折线图	1
人力资本桥	瀑布图	1
气泡集群	气泡图	1
房价瀑布	瀑布图	1
智能价值瀑布	瀑布图	1
面积+成本线	面积图	1
普惠价值桥	瀑布图	1
单票成本瀑布	瀑布图	1
餐厅利润桥	瀑布图	1
面积+品类对比	面积图	1
经济瀑布	瀑布图	1
研发瀑布	瀑布图	1
气泡+矩阵	气泡图	1
BOM瀑布	瀑布图	1
气泡+前沿	气泡图	1
供应链瀑布	瀑布图	1
TCO瀑布	瀑布图	1
多线(各企业)	折线图	1
ARR桥	瀑布图	1
节约桥	瀑布图	1
多线(产能+质量)	折线图	1
多线(各指标)	折线图	1
流失成本瀑布	瀑布图	1
制作瀑布	瀑布图	1
单中心+平均	单中心	1
多线(各项目)	折线图	1
多线(各车手)	折线图	1
预算瀑布	瀑布图	1
AIvs医生对比	其他专业图表	1
效率瀑布	瀑布图	1
单中心+基准	单中心	1
体重瀑布	瀑布图	1
多线(各国)	折线图	1
单中心+接受度	单中心	1
多城市对比	其他专业图表	1
堆叠面积+预测	面积图	1
多模型对比	其他专业图表	1
延迟瀑布	瀑布图	1
单中心+评级	单中心	1
碳中和桥	瀑布图	1
散点+MAC曲线	折线图	1
损失瀑布	瀑布图	1
单中心+标准	单中心	1
配额瀑布	瀑布图	1
单中心+要求	单中心	1
