6288	Nature	折线图	微生物组代谢物-炎症因子联动动态	肠道微生物代谢物与系统性炎症因子的联动	Teal,Sky,Stone	White	双轴折线	高亮代谢物-炎症共变化	标注相关代谢物和因子	趋势+01	Roboto 7/5	左→右时间+双轴联动	微生物组,代谢物,炎症,联动	nature-figure
6353	Nature	气泡图	多组学生物标志物 panel 跨队列验证	标志物 panel 在多个独立队列的验证结果气泡	Teal,Sky,Stone	White	矩阵气泡	高亮跨队列一致的标志物	标注各队列 HR 和 p 值	网格+01	Roboto 7/5	矩阵扫描跨队列一致性	多组学,标志物,panel,验证	nature-figure
5955	Nature	雷达图	数字疗法临床证据强度评估	证据等级/样本量/对照设计/随访/复现评估	Teal,Stone,Warm	White	5轴雷达	突出证据薄弱环节	标注各项证据等级	单中心-01	Roboto 7/5	中心→外围逐轴	数字疗法,证据,评估,雷达	nature-figure
6301	Nature	柱状图	体内基因编辑大动物模型剂量探索	不同编辑剂量在大动物中的效率和安全性探索	Teal,Sky,Stone	White	分组柱	高亮最佳治疗剂量窗口	标注编辑效率和毒性指标	并列比较+01	Roboto 7/5	按剂量分组对比	基因编辑,大动物,剂量,探索	nature-figure
885	nature-figure	热图+通路富集	nature-figure —《差异基因通路富集：气泡图》	气泡图展示显著富集的 GO/KEGG 通路，大小=基因数，颜色=p 值	#DE2D26 #FFB81C #666666	#FFFFFF	circle	更显著用更深红色	气泡内标通路名和基因数	气泡纵向排列	Helvetica 7/6	第一眼→最显著通路 → 第二眼→基因覆盖 → 最终理解→功能富集	气泡图 通路富集 GO	nature-figure
5919	Nature	柱状图	空间多组学技术分辨率对比	各空间组学技术的空间分辨率和通量	Teal,Sky,Stone	White	分组柱	高亮分辨率最高技术	标注分辨率和基因数	并列比较+01	Roboto 7/5	按维度分组逐技术对比	空间组学,分辨率,通量,对比	nature-figure
6309	Nature	柱状图	体内 mRNA 治疗 LNP 免疫逃避策略	不同 LNP 修饰策略对先天免疫逃避的效果	Teal,Sky,Stone	White	分组柱	高亮免疫逃避最优策略	标注免疫指标和蛋白表达	并列比较+01	Roboto 7/5	按免疫指标分组对比	mRNA,LNP,免疫逃避,策略	nature-figure
5900	Nature	小提琴图	单细胞 CRISPR 筛选扰动效应分布	各基因扰动后表型读数的分布变化	Teal,Coral,Stone	White	小提琴+散点	高亮效应最强的扰动	标注效应大小和 p 值	并列比较+01	Roboto 7/5	左→右逐扰动对比	CRISPR,筛选,扰动,单细胞	nature-figure
6228	Nature	小提琴图	空间转录组肿瘤微环境代谢梯度	代谢相关基因在肿瘤空间的表达梯度分布	Teal,Sky,Stone	White	小提琴+空间梯度	高亮代谢梯度最陡基因	标注梯度和表达水平	并列比较+01	Roboto 7/5	按空间位置对比	空间转录组,代谢,梯度,肿瘤	nature-figure
6345	Nature	气泡图	单细胞 CRISPR 筛选药物靶点发现	CRISPR 筛选发现的药物靶点在各通路的富集	Teal,Sky,Stone	White	矩阵气泡	高亮关键药物靶点	标注靶点评分和可药性	网格+01	Roboto 7/5	矩阵扫描关键靶点	单细胞,CRISPR,靶点发现,药物	nature-figure
6115	Nature	热图	单细胞表观基因组染色质状态分段	基因组各区域在不同细胞类型的染色质状态	Teal,Coral,Stone	White	热力网格	高亮细胞类型特异状态	标注染色质状态和基因	网格+01	Roboto 7/5	上→下基因组+左→右状态	单细胞,表观基因组,染色质,分段	nature-figure
5853	Science	雷达图	多物种大脑区域基因表达谱对比	不同物种脑区基因表达模式多维对比	Teal,Coral,Stone	White	6轴雷达	突出种间差异最大的轴	标注保守和特异基因	单中心-01	Roboto 7/5	中心→外围逐轴	大脑,物种,基因,雷达	nature-figure
2101	NEJM	森林图	临床试验Meta分析汇总	多研究效应量+置信区间	#C62828,#E53935,#424242,#BDBDBD	white	水平线+方块	高亮汇总效应	标注HR+CI	单栏	正文8pt	从上到下研究	NEJM、临床、森林图、Meta	nature-figure
5983	Nature	气泡图	多组学分子分型预后关联矩阵	横轴分子亚型纵轴临床终点气泡=HR	Teal,Coral,Stone	White	矩阵气泡	高亮预后差异最大的亚型	标注 HR 和 p 值	网格+01	Roboto 7/5	矩阵扫描预后差异	多组学,分子分型,预后,矩阵	nature-figure
5986	Cell	小提琴图	单细胞多组学免疫细胞亚型分布	免疫细胞各亚型在不同组织的分布密度	Teal,Sky,Coral	White	小提琴+散点	高亮组织特异亚型	标注细胞亚型和数量	并列比较+01	Roboto 7/5	左→右逐组织对比	单细胞,免疫,亚型,分布	nature-figure
5966	Nature	气泡图	药物临床试验终点成功率分析	各期临床试验按治疗领域成功率气泡	Teal,Sky,Stone	White	矩阵气泡	高亮成功率最低的期-领域组合	标注样本量和成功率	网格+01	Roboto 7/5	矩阵逐期扫描	临床试验,终点,成功率,气泡	nature-figure
8935	Lancet	生存曲线	临床试验生存获益	Lancet风格临床试验中治疗组vs对照组的主要终点生存曲线	蓝vs红	白	line	高标生存获益	标注HR和p值	KM曲线+风险表	10/12 无衬线	时间趋势	临床,试验,生存,Lancet	viz-echarts
6206	Nature	热图	单细胞表观基因组增强子-基因连接	增强子活性与靶基因表达的关联热图	Teal,Coral,Stone	White	热力网格	高亮显著增强子-基因对	标注相关性和距离	网格+01	Roboto 7/5	上→下增强子+左→右基因	单细胞,表观基因组,增强子,连接	nature-figure
13606	Nature	火山图	基因表达	差异基因表达分析显著性	Teal-7	white	volcano plot gene expression	显著标注	标注显著基因	CT-01	Noto Sans 9	散点密度	Nature/基因表达/火山图	viz-echarts
11480	Nature	气泡热图	基因-表型关联	基因与表型关联的强度和显著性	Warm-8	white	bubble heatmap gene phenotype	显著关联标注	标注显著	CT-01	Noto Sans 9	网格扫描	Nature/基因表型/气泡热图	viz-echarts
5021	Nature	平行坐标图	多维数据投影	每个维度一条平行轴	Nature多色	白	平行轴+连线	异常轨迹高亮	标注维度	平行坐标	Arial 7pt	从左到右	Nature/平行坐标/多维/投影/轨迹	viz-echarts
6086	Nature	折线图	免疫联合疗法毒性动态监测	联合免疫治疗各毒性指标随时间变化	Coral,Teal,Stone	White	多折线	高亮毒性峰值时间	标注 CTCAE 分级和干预	趋势+01	Roboto 7/5	左→右时间+毒性动态	免疫联合,毒性,监测,动态	nature-figure
6095	Nature	热图	单细胞表观基因组调控元件活性矩阵	增强子/启动子在各细胞类型的活性热图	Teal,Coral,Stone	White	热力网格+聚类	高亮细胞类型特异调控元件	标注靶基因和调控机制	网格+01	Roboto 7/5	聚类引导分区块	单细胞,表观基因组,调控元件,热图	nature-figure
6305	Nature	柱状图	抗体工程可开发性综合评分排名	候选抗体在可开发性多维评分的排名	Teal,Sky,Stone	White	水平条	高亮可开发性最优抗体	标注各维度评分和总分	单中心-01	Roboto 7/5	上→下可开发性排序	抗体工程,可开发性,评分,排名	nature-figure
10956	Science	气泡图	材料发现	x=稳定性 y=合成难度 size=性能	Sky-6	white	bubble material discovery	最优标注	四象限标签	CT-01	Noto Sans 9	象限扫描	Science/材料发现/气泡图	viz-echarts
9866	IDC	柱状图	云服务市场	各云厂商市场份额排行	Teal-7	white	horizontal bar cloud	TOP3标注	标注增速	CT-01	Noto Sans 11	降序	IDC/云服务/柱状图	viz-echarts
2115	Accenture	2x2矩阵	技术价值vs复杂度定位	两维度四象限策略定位	#A100FF,#0076BA,#F5A623,#AAB7B8	white	四象限网格	高亮优先象限	标注象限策略	单栏	正文8pt	从左下到右上	Accenture、技术、矩阵、价值	nature-figure
6565	IDC	柱状图	中国数字化转型投资优先级行业	各行业数字化转型各领域的投资优先级	Sky,Teal,Stone	White	分组柱	高亮投资优先级最高领域	标注优先级评分和预算	并列比较+01	Roboto 7/5	按投资领域分组对比	数字化,转型,投资优先级,中国	nature-figure
10829	McKinsey	桑基图	能源系统	从一次能源到终端使用的全链路	Sky-6	white	sankey energy system	最大流向标注	标注主路	CT-01	Noto Sans 10	从左到右	麦肯锡/能源系统/桑基图	viz-echarts
10499	Bain	旭日图	客户旅程层级	从认知到购买到复购的多层路径	Sky-6	white	sunburst customer journey	主路径标注	标注主路	CT-01	Noto Sans 10	中心向外	贝恩/客户旅程/旭日图	viz-echarts
9865	Forrester	雷达图	数字转型成熟度	战略/客户/运营/技术/数据/人才	Coral-5	white	radar dx	转型领先标注	短板标注	CT-01	Noto Sans 10	中心向外	Forrester/数字转型/雷达图	viz-echarts
5161	Accenture	技术成熟度曲线	Gartner Hype Curve变体	15项技术在成熟度曲线上的位置	rainbow-muted,white	#FFFFFF	钟形曲线	泡沫期标注	标注期望斜率	钟形+标签	7pt sans	左→峰顶→右→谷底	技术成熟度,炒作,期望,生产	viz-echarts
10327	BCG	面积图	颠覆性技术采纳	新技术对旧技术的替代曲线	Stone-6	white	stacked area disruption	交叉点标注	标注交叉	CT-01	Noto Sans 11	时间轴	BCG/颠覆曲线/面积图	viz-echarts
11664	BCG	堆叠面积	趋势分解	多因素趋势的累积贡献分解	Teal-7	white	stacked area trend break	拐点标注	标注拐点	CT-01	Noto Sans 11	时间轴	BCG/趋势分解/堆叠面积	viz-echarts
10909	Gartner	气泡图	AI治理	x=成熟度 y=投入 size=成效	Sky-6	white	bubble ai governance	领先标注	四象限标签	CT-01	Noto Sans 10	象限扫描	Gartner/AI治理/气泡图	viz-echarts
557	PwC	瀑布图+桥接	PwC —《利润变动桥接：从 FY23 到 FY24》	瀑布桥接解释利润增减的驱动因素	#E31837 #007DBA #666666	#FFFFFF	bar	增长用红，减少用蓝，基线用灰	每柱标注驱动因素名	瀑布+N+2 桥接格式	DIN 9/7	第一眼→净变化 → 第二眼→最大贡献因子 → 最终理解→利润驱动	瀑布 桥接 利润变动	viz-echarts
9109	Deloitte	2x2矩阵	技术采用优先级Deloitte	Deloitte式按业务影响和实施难度的技术投资优先级2x2矩阵	蓝四色	白	grid-2x2	高标立即投资区	标注实施路线图	2x2矩阵	10/12 无衬线	四象限定位	技术,采用,优先级,Deloitte	viz-echarts
6421	Accenture	柱状图	AI 采用行业成熟度对标	各行业 AI 采用深度和广度的对标排名	Sky,Teal,Stone	White	分组柱	高亮 AI 采用领先行业	标注采用率和投资规模	并列比较+01	Roboto 7/5	按行业分组对标	AI,采用,行业,成熟度	nature-figure
8857	BCG	瀑布图	价值创造桥BCG	BCG式从期初到期末股东价值创造的各因素分解	深蓝+灰	白	stack	高标最大价值贡献	标注战略杠杆	BCG价值桥	10/12 无衬线	从左到右累积	价值,创造,桥,BCG	viz-echarts
1253	Bain	并购协同效应	《并购价值创造：协同效应拆解堆叠条》	展示并购交易中成本协同、收入协同、财务协同的贡献比例	#1B3A4B #3B7A57 #E8C840 #C0392B	#FFFFFF	stacked	成本协同用绿色高亮	标注预期vs实际协同	堆叠条+预期实际对比	Gotham 9/8	第一眼→成本协同为主 → 第二眼→收入协同不足 → 最终理解→协同实现不均衡	堆叠 并购 协同	viz-echarts
161	KPMG	矩阵表	风险热力评估	风险矩阵	#003087 #58595B #86BC25	#FFFFFF	rect	高风险红色	格子标风险+等级	矩阵	Helvetica 12/10	标题→矩阵→高风险→低	KPMG 矩阵 风险 热力	viz-echarts:generate_heatmap_chart(matrix)
477	McKinsey	条形 Mekko	McKinsey —《区域市场体量 Mekko 条形图》	条形宽度=市场规模，条形内分段=品类构成	#0066FF #00A300 #FFB300	#FFFFFF	rect	最大市场用饱和色	条宽标市场体量，分段标注品类占比	条形 Mekko，宽=体量内=构成	Helvetica Neue 14/10	第一眼→最宽条 → 第二眼→分段构成 → 最终理解→市场体量+结构	麦肯锡 条形Mekko 市场 构成	viz-echarts:generate_mekko_chart(bar)
8862	Bain	折线图	忠诚飞轮Bain	Bain式客户忠诚度对收入增长飞轮效应的追踪	蓝→绿渐变	白	line	高标飞轮加速点	标注留存策略	多线	10/12 无衬线	时间趋势	忠诚,飞轮,Bain,留存	viz-echarts
8230	PwC	面积图	全球娱乐媒体市场	各细分市场的收入规模面积变化	PwC Blue,Orange,Purple	#FFFFFF	堆叠面积	高增长(深蓝)	标注	01-单中心	Source Sans 7/6	左→右	PwC,娱乐媒体,市场	viz-echarts
8317	Forrester	柱状图	技术采用预测	各新技术的5年采用率预测	Forrester Blue,Orange	#FFFFFF	竖向条	高采用(深蓝)	标注预测%	02-双栏	Source Sans 7/6	左→右	Forrester,技术采用,预测	viz-echarts
10659	Accenture	气泡图	元宇宙准备度	x=技术基础 y=业务用例 size=投入	Sky-6	white	bubble metaverse readiness	领先标注	四象限标签	CT-01	Noto Sans 10	象限扫描	埃森哲/元宇宙/气泡图	viz-echarts
9103	McKinsey	柱状图	数字化转型价值	McKinsey式数字化举措对各业务线价值创造的排序对比	深蓝系	白	bar-h	高标最大价值举措	标注实施难度	横向排序	10/12 无衬线	从高到低	数字化,转型,价值,McKinsey	viz-echarts
10024	McKinsey	气泡图	市场吸引力	x=市场规模 y=增速 size=利润率	Warm-8	white	bubble market attractiveness	最优选标注	四象限标签	CT-01	Noto Sans 10	象限扫描	麦肯锡/市场吸引力/气泡图	viz-echarts
5805	KPMG	2x2 矩阵	供应链风险-影响评估矩阵	按风险和影响四象限分类供应链风险	Coral,Stone,Warm	White	四象限	高亮高风险高影响项	标注应对策略建议	2x2矩阵+01	Roboto 7/5	象限定位→逐个要素	供应链,风险,矩阵,优先级	nature-figure
13506	Deloitte	柱状图	科技支出	各行业科技支出占收入比排行	Sky-6	white	horizontal bar deloitte tech spend	TOP标注	标注均值	CT-01	Noto Sans 11	降序	Deloitte/科技支出/柱状图	viz-echarts
10989	Bain	河流图	客户生命周期	客户关系各阶段的收入演变	Coral-5	white	streamgraph lifecycle	拐点标注	标注拐点标	CT-01	Noto Sans 11	时间轴	贝恩/客户生命周期/河流图	viz-echarts
9785	KPMG	瀑布图	利润变化	上年度到本年度的驱动因素	Coral-5	white	waterfall profit	最大变动标注	标注变动项	CT-01	Noto Sans 11	从左到右	毕马威/利润桥接/瀑布图	viz-echarts
10914	IDC	气泡图	IoT平台	x=设备连接数 y=收入 size=利润	Stone-6	white	bubble iot platform	领先标注	四象限标签	CT-01	Noto Sans 10	象限扫描	IDC/IoT平台/气泡图	viz-echarts
10665	Forrester	气泡图	B2B数字体验	x=客户体验 y=数字化能力 size=收入	Sky-6	white	bubble b2b digital experience	领先标注	四象限标签	CT-01	Noto Sans 10	象限扫描	Forrester/B2B体验/气泡图	viz-echarts
6739	Forrester	漏斗图	企业软件采购转化漏斗	从触达到签约的递减转化	Enterprise blue ramp	White	Funnel	高亮最大流失环节	流失率+原因	漏斗	Sans, 8pt	上→下递减	科技,软件,漏斗,转化	viz-svg-flow
3454	BCG Growth-Share	气泡图	BCG增长-份额矩阵：明星/金牛/问题/瘦狗业务定位	经典业务组合框架	#43A047 #1E88E5 #FFB300 #E53935	#FAFAFA	circle	明星绿色气泡	气泡内业务名+增长率	C03 2x2矩阵	Helvetica 12/10	标题→四象限→明星→金牛→退出瘦狗	BCG 气泡图 增长份额 矩阵	viz-echarts
5481	GoogleScholar	h指数演变	学者影响力追踪	学者h指数随时间的增长轨迹	teal,coral,stone	#FFFFFF	面积增长	里程碑标注	标注增长阶段	面积增长	8pt sans	起点→增长→里程碑→现在	h指数面积,学者,增长,里程碑	viz-echarts
12972	城市设计	柱状图	绿化率	各城市建成区绿化率排行	Teal-7	white	horizontal bar urban green rate	TOP标注	标注目标线	CT-01	Noto Sans 11	降序	城市设计/绿化/柱状图	viz-echarts
1554	IFPRI	热力地图	IFPRI —《全球饥饿指数热力图》	各国GHI指数高低分布	绿（安全）→黄→红（严重）	白	世界地图+颜色填充	高亮严重饥饿区域	标注GHI分级	热力地图	8/6pt无衬线	区域扫描	IFPRI/全球饥饿/热力地图/GHI	nature-figure
9511	Nutrition	饼图	每日营养摄入结构	碳水/蛋白/脂肪/纤维/微量元素占比	Teal-7	white	pie slices	超标部分标注	标注推荐比例	CT-01	Noto Sans 11	份额大小	营养/摄入结构/饼图	viz-echarts
1730	CFR	蝴蝶图	CFR —《中美科技竞争：AI/半导体/量子/生物对比》	四大前沿领域双方实力的对称对比	蓝（中国）/红（美国）	白	左右对称条	高亮领先方差异	标注优势方	26-并列比较	8/6pt无衬线	中→左右对比	CFR/中美科技/蝴蝶图/竞争	nature-figure
7953	OpenLayers	矢量地图	多源地理数据叠加	矢量层/栅格层/标注的叠加	OL Blue,Orange,Green	#FFFFFF	多层叠加	关注区域(红框)	标注图层信息	01-单中心	Source Sans 7/6	图层切换	OpenLayers,矢量,叠加	viz-echarts
12200	未来产业	柱状图	研发投入	各国未来产业研发投入排行	Sky-6	white	horizontal bar future industry rd	TOP标注	标注增速	CT-01	Noto Sans 11	降序	未来产业/研发/柱状图	viz-echarts
2919	BP	饼图	全球一次能源结构	煤炭/石油/天然气/核能/可再生占比	#4A90D9,#C72C41,#50C878,#FFB347	白	饼图	高亮最大能源	标注年度变化	饼图	10px/7px	顺时针	能源结构,饼图,BP,一次能源,占比	nature-figure
11584	招聘	折线图	求职热度	各城市求职活跃度的月度	Warm-8	white	multi-line job search	拐点标注	标注拐点标	CT-01	Noto Sans 11	时间轴	招聘/求职热度/折线图	viz-echarts
11349	海关	柱状图	进出口额	各贸易伙伴进出口额	Warm-8	white	horizontal bar trade volume	TOP标注	标注总额	CT-01	Noto Sans 11	降序	海关/进出口额/柱状图	viz-echarts
8158	IAEA	柱状图	全球核能发展	各国的核电站数量和发电量	Nuclear Blue,Green	#FFFFFF	竖向条	大核能(深蓝)	标注GW和TWh	02-双栏	Source Sans 7/6	左→右	IAEA,核能,全球	viz-echarts
3282	JD Logistics	柱状图	京东物流仓储自动化率 vs 人工分拣效率对比	自动化投资回报	#E31837 #00A651	#FFFFFF	bar	自动化红色上升	标注单均成本下降幅度	26 并列比较	Helvetica 14/10	标题→对比→自动化上升→人工下降→成本	京东 柱状图 自动化 效率	viz-echarts
7244	Flexport Trade	桑基图	中美贸易关税影响路径	从关税政策到供应链重构的流向	Tariff impact colors	White	Sankey	高亮点最大转移路径	路径+金额	Flow	Sans, 7pt	左→右贸易流	供应链,关税,桑基,贸易	viz-svg-flow
11178	CF40	瀑布图	稳增长	从当前到目标增速的各驱动因素	Coral-5	white	waterfall growth drivers	最大驱动标注	标注驱动项	CT-01	Noto Sans 11	从左到右	CF40/稳增长/瀑布图	viz-echarts
7248	Nature Climate Adaptation	面积图	气候适应投资缺口趋势	按领域细分的适应投资需求vs实际	Adaptation funding gap	White	Area	高亮点缺口扩大区间	领域+缺口额	Area	Sans, 8pt	时间→缺口变化	气候,适应,面积,投资	viz-echarts
2495	NASA GISS	全球温度异常热力日历	月度温度异常 1880-2024	矩阵式密集数据，全球变暖的条纹图经典可视化	#2B4B8C,#728FCB,#D96557,#993333	#FFFFFF	热力日历	高标最热年份	标注升温幅度	热力条纹	无衬线极紧凑	年份从左到右	温度,NASA,热力,变暖	nature-figure
13119	制造	柱状图	制造业PMI子项	各制造业分项指数排行	Teal-7	white	horizontal bar manufacturing sub-index	TOP标注	标注荣枯线	CT-01	Noto Sans 11	降序	制造/分项/柱状图	viz-echarts
9926	MIT	折线图	AI能力进展	AI基准测试成绩的年度提升	Teal-7	white	line ai capability	突破标注	标注突破标	CT-01	Noto Sans 11	时间轴	MIT/AI进展/折线图	viz-echarts
13216	汽车金融	折线图	渗透率	全国汽车金融渗透率的年度	Sky-6	white	line auto finance penetration	拐点标注	标注拐点标	CT-01	Noto Sans 11	时间轴	汽车金融/渗透/折线图	viz-echarts
12560	人形机器人	柱状图	融资规模	各人形机器人企业融资排行	Sky-6	white	horizontal bar humanoid funding	TOP标注	标注总额	CT-01	Noto Sans 11	降序	人形机器人/融资/柱状图	viz-echarts
6794	World Bank Open	气泡图	全球国家发展水平三维对比	三维国家对比（GDP/寿命/教育）	World Bank colors	White	Bubble	高亮区域代表国家	国名+区域色	Scatter	Sans, 7pt	X→Y→气泡大小	政府,发展,气泡,国家	viz-echarts
11275	CreditSuisse	瀑布图	财富变化	从上年到本年财富总额的各因素	Coral-5	white	waterfall wealth change	最大变动标注	标注变动项	CT-01	Noto Sans 11	从左到右	瑞信/财富变化/瀑布图	viz-echarts
12870	水泥	柱状图	水泥产量	各省市水泥产量排行	Stone-6	white	horizontal bar cement production	TOP标注	标注均值	CT-01	Noto Sans 11	降序	水泥/产量/柱状图	viz-echarts
7262	Hurun Report	柱状图	全球独角兽城市分布排行	分类对比（各城市独角兽数量）	Global unicorn colors	White	Bar	高亮点前三城市	数量+占比	单中心	Bold sans, 9pt	从高到低	政府,独角兽,柱状,城市	viz-echarts
12011	心理	柱状图	睡眠质量	各年龄段睡眠障碍检出率排行	Sky-6	white	horizontal bar sleep disorder	最高标注	标注均值	CT-01	Noto Sans 11	降序	心理/睡眠/柱状图	viz-echarts
367	The New York Times / Malofiej 30 最佳展示作品	点密度地图（Dot Density Map）	Malofiej 金奖 —《纽约时报：美国枪支暴力地图》	每一个点代表一个枪支暴力受害者，让读者从视觉密度的窒息感中理解"这不是统计数字，是密集的生命"			枪击致死事件用橙色实心点，枪击受伤用半透明橙色，人口密度作为灰色底图参照	城市名标注在点密度最高的区域中心，底部放年度汇总条带	全幅美国地图，点层叠加在行政边界之上，底部水平时间轴迷你条带	Sans-serif（Franklin Gothic），城市标注 10px，标题 36px 粗体	第一眼→东海岸和芝加哥区域的橙色密集点群 → 第二眼→单个点放大后看清每个点代表一个人 → 最终理解→城市间密度的数量级差异	点密度地图（Dot Densi,The New Yo		viz-echarts:generate_map_chart
7951	Cesium	3D地球	全球数据3D可视化	卫星/航班/海洋数据的3D地球展示	Cesium Blue,Green,White	#000000	3D球体+数据层	关键路径(高亮)	标注轨道和航线	01-单中心	Source Sans 7/6	3D旋转	Cesium,3D地球,全球	viz-echarts
2144	BCG Insurance	堆叠构成	保险产品利润结构	总量组成及占比分解	#2E2E7E,#FFA200,#0076BA,#AAB7B8	white	分段堆积条	高亮主利润源	标注利润变化	单栏	正文8pt	从下到上构成	BCG、保险、堆叠、利润	nature-figure
1499	FDA	2x2矩阵	FDA —《医疗器械风险分类矩阵》	按风险等级和侵入程度四象限分类	绿（I类）/黄（II类）/橙（III类）/红（IV类）	白	四象限网格	标注各类别代表产品	标注监管路径	C03-2x2矩阵	8/6pt无衬线	象限扫描	FDA/医疗器械/风险分类/矩阵	nature-figure
10705	CHS	气泡图	DRG改革	x=病组数 y=费用控制 size=覆盖	Coral-5	white	bubble drg reform	领先标注	四象限标签	CT-01	Noto Sans 10	象限扫描	医保局/DRG改革/气泡图	viz-echarts
4274	GSMA	移动数据流量堆叠面积图	全球移动数据流量按技术代际演变	2G/3G/4G/5G 数据流量堆叠面积展示代际迁移	Stone 各代色	#FFFFFF	时间序列面积堆叠	高标签流量主力代	代际标注面积内	按流量排序	Helvetica 8pt	下→上 代际迁移	通信 流量 面积 代际	viz-echarts
8484	Mass Spec	气泡图	蛋白质组学鉴定矩阵	各样品的蛋白鉴定数vs覆盖度气泡	MS Blue,Gold	#FFFFFF	气泡(大小=肽段)	多鉴定(大+金)	标注蛋白数和%	01-单中心	Source Sans 7/6	左下→右上	质谱,蛋白组,气泡图	viz-echarts
1285	Airbnb	旅行偏好变迁	《住宿类型偏好：房型选择演变分组条》	展示不同年龄段旅客对各类住宿类型的偏好变化趋势	#FF5A5F #00A699 #FC642D #484848	#FFFFFF	bars	Z世代偏好用珊瑚色	标注增长最快的房型	分组条形+偏好标注	Cerebri Sans 9/7	第一眼→年轻人偏体验型 → 第二眼→家庭偏空间 → 最终理解→需求分化	分组条 旅行 住宿	viz-echarts
7857	DALL-E	热力图	提示词-图像一致性矩阵	各提示词类别的生成一致性热力	DALL-E Rainbow	#FFFFFF	网格热力	高一致(暖色)	标注CLIPScore	01-单中心	Source Sans 7/6	中心→四周	DALL-E,热力图,一致性	viz-echarts
9231	Cloud	柱状图	云计算市场份额	对比全球主要云服务商(IaaS+PaaS)的市场份额和增速	Warm 5阶	白	bar-h	高标Top5云厂商	标注同比增速	横向排序	10/12 无衬线	从高到低	云,市场份额,排名,Cloud	viz-echarts
4729	Plan International	旭日图	儿童权益保护嵌套	领域×国家分层	Plan蓝多色	白	同心环	薄弱领域高亮	标注保护率	旭日	Arial 7pt	由内向外	Plan/儿童/旭日/权益/保护	viz-echarts
155	Tesla	折线图	交付量季度突破	增长爆发	#E82127 #000000	#FFFFFF	line	最新季度红色	拐点标交付数	折线	Helvetica 18/14	标题→折线→爆发→数字	Tesla 折线 交付 增长	viz-echarts:generate_line_chart
9653	Media Tech	折线图	短视频用户时长	各年龄段日均使用时长	Stone-6	white	multi-line	最长标注	标注峰值原因	CT-01	Noto Sans 11	时间轴	传媒科技/时长/趋势	viz-echarts
8965	PE VC	热力图	赛道景气度矩阵	展示各投资赛道在不同季度的景气度评分矩阵	红→黄→绿	白	grid	高标升温赛道	标注降温信号	矩阵热力	9/11 无衬线	从上到下从左到右	赛道,景气度,矩阵,投资	viz-echarts
7927	Streamlit	柱状图	数据应用开发效率	各类型应用的开发时间和性能	Stream Red,Gray	#FFFFFF	分组柱状图	快开发(红色)	标注小时和QPS	02-双栏	Source Sans 7/6	左→右	Streamlit,应用,效率	viz-echarts
7838	Azure Maia	雷达图	自研AI芯片能力评估	训练/推理/内存/互连/软件五维	Maia Blue,Gray	#FFFFFF	五边形雷达	领先维度(深蓝)	标注能力等级	01-单中心	Source Sans 7/6	外→内	Maia,雷达图,Azure	viz-echarts
4733	The Nature Conservancy	面积图	土地保护面积趋势	保护区累积扩张	TNC绿蓝	白	堆叠面积	新增面积突出	标注保护目标	堆叠面积	Arial 8pt	时间线性	TNC/土地/面积/保护/趋势	viz-echarts
11464	社区	柱状图	社区团购	各社区团购平台市场份额	Warm-8	white	stacked bar community group	TOP标注	标注总额	CT-01	Noto Sans 11	降序	社区/社区团购/柱状图	viz-echarts
8670	Telecom	并列比较	5G技术路线对比	对比Sub-6GHz和mmWave两种5G技术路线的优劣	蓝vs橙	白	bar-group	高亮差异最大项	标注适用场景	分组对比	10/12 无衬线	逐项对比	5G,技术,路线,对比	viz-echarts
3668	Nature Ecology	点图(Dot Plot/Strip Plot)	物种数量随栖息地类型分布	每类一个散点叠加，展示原始数据分布	Green 色系不同深浅	#FFFFFF	分类 x 轴，散点 y 轴	高亮异常值	样本量标注下方	按中位数排序	Arial 7pt	左→右 类别对比	学术 生态 物种 原始数据	nature-figure
13433	国企	柱状图	国企利润	各央企利润总额排行	Teal-7	white	horizontal bar soe profit	TOP标注	标注总额	CT-01	Noto Sans 11	降序	国企/利润/柱状图	viz-echarts
11428	文化	柱状图	文化输出	中国文化产品出口各国	Warm-8	white	horizontal bar cultural export	TOP标注	标注增速	CT-01	Noto Sans 11	降序	文化部/文化输出/柱状图	viz-echarts
4348	Altmetric	论文社会影响力散点图	论文学术引用 vs 社会媒体关注	x 轴引用量 y 轴 Altmetric 分数，气泡=期刊 IF	Stone 各学科分色	#FFFFFF	散点气泡	高标签高社会影响论文	论文名标注	按 Altmetric 排序气泡大小	Helvetica 8pt	象限=影响力类型	学术 社会影响 Altmetric 散点	viz-echarts
8903	浙江数据局	折线图	浙江政务服务网活跃度	追踪浙江政务服务网月活用户和使用频次的变化趋势	蓝→紫渐变	白	line	高标增长拐点	标注功能上线节点	多线对比	10/12 无衬线	时间趋势	浙江,政务,活跃,趋势	viz-echarts
4433	Red Hat	堆叠条	混合云采用动机分解	多维度驱动因素	红灰分段	白	堆叠条	安全动机高亮	标注占比	分段堆叠	Arial 8pt	单条分解	RedHat/混合云/堆叠/动机/安全	viz-echarts
8712	HR	热力图	员工满意度热力	展示各部门/各维度员工满意度的矩阵分布	红→黄→绿	白	grid	高亮低满意度区域	标注改进行动	矩阵热力	9/11 无衬线	从上到下从左到右	员工,满意度,部门,热力	viz-echarts
2025	GSMA Intel	折线图	5G渗透率趋势	趋势变化+渗透率演变	#009BDB,#1FB3E5,#66CCEE,#B3E0F0	white	折线+渗透标注	高亮渗透拐点	标注采用里程碑	单栏	正文8pt	从左到右趋势	GSMA、5G、折线、渗透	nature-figure
12447	人形机器人	柱状图	企业布局	各人形机器人企业技术进展排行	Teal-7	white	horizontal bar humanoid robot progress	TOP标注	标注领先	CT-01	Noto Sans 11	降序	人形机器人/进展/柱状图	viz-echarts
12996	地热	折线图	地热供暖	地热供暖面积的年度	Warm-8	white	line geothermal heating	拐点标注	标注拐点标	CT-01	Noto Sans 11	时间轴	地热/供暖/折线图	viz-echarts
10943	VisualCap	树图	全球财富	各大洲各国的财富分布	Teal-7	white	treemap global wealth	最大板块标注	标注最大	CT-01	Noto Sans 10	从大到小	视觉资本家/全球财富/树图	viz-echarts
5383	SOC2	安全控制评估	SOC2合规性	SOC2各信任服务准则的合规评估	green,yellow,red,gray	#FFFFFF	Harvey Ball	不合格标注	标注控制差距	Harvey Ball	8pt sans	准则→控制→不合格	SOC2 Harvey,合规,控制,差距	viz-svg-flow
12408	统计	雷达图	发展质量	经济/民生/生态/创新/开放/协调	Sky-6	white	radar development quality	最强标注	短板标注	CT-01	Noto Sans 10	中心向外	统计/发展质量/雷达图	viz-echarts
11175	Clarksons	折线图	新船订单	全球新船订单量的月度变化	Sky-6	white	line newbuild orders	拐点标注	标注拐点标	CT-01	Noto Sans 11	时间轴	Clarksons/新船订单/折线图	viz-echarts
5792	Staking	质押收益分析	PoS收益评估	各PoS网络在质押率/APR/解锁期的收益对比	teal,coral,stone	#FFFFFF	气泡图	最优收益标注	标注收益风险	气泡散点	8pt sans	质押率→APR→最优→风险	质押气泡,收益,PoS,APR	viz-echarts
13580	自动驾驶	柱状图	无人出租	各城市无人驾驶出租车辆数排行	Sky-6	white	horizontal bar robotaxi fleet	TOP标注	标注增速	CT-01	Noto Sans 11	降序	自动驾驶/无人出租/柱状图	viz-echarts
8716	HR	气泡图	薪酬vs绩效九宫格	展示员工薪酬水平与绩效评估的关系气泡大小=任职年限	蓝→绿渐变	白	circle	高标高绩效低薪人才	标注九宫格分区	气泡+网格	10/12 无衬线	九宫格定位	薪酬,绩效,九宫格,人才	viz-echarts
12582	生物制造	瀑布图	发酵效率	从菌株设计到量产的效率提升	Sky-6	white	waterfall fermentation efficiency	最大提升标注	标注提升项	CT-01	Noto Sans 11	从左到右	生物制造/效率/瀑布图	viz-echarts
9696	MarTech	柱状图	营销渠道ROI	搜索社交信息流KOL	Teal-7	white	horizontal bar	最高标注	标注成本	CT-01	Noto Sans 11	ROI降序	营销/ROI	viz-echarts
9185	Tourism	气泡图	旅游消费力分布	展示各旅游目的地人均消费与停留天数的关系气泡大小=总客流	蓝→金渐变	白	circle	高标高消费长停留	标注价值目的地	气泡+象限	10/12 无衬线	四象限定位	旅游,消费,停留,价值	viz-echarts
8187	数字美元	雷达图	CBDC方案对比评估	各CBDC设计方案的特性对比	Digital $ Blue,Red	#FFFFFF	五边形雷达	优势特性(深蓝)	标注方案评级	01-单中心	Source Sans 7/6	外→内	数字美元,CBDC,方案	viz-echarts
11037	信通院	柱状图	数字经济规模	各省份数字经济占GDP比重排行	Coral-5	white	horizontal bar digital economy	TOP标注	标注均值	CT-01	Noto Sans 11	降序	信通院/数字经济/柱状图	viz-echarts
7893	Airbyte	瀑布图	数据集成成本拆解	从抽取到转换到加载各阶段的成本	Airbyte Orange,Blue	#FFFFFF	阶梯条	高成本阶段(橙色)	标注计算成本	01-单中心	Source Sans 7/6	左→右	Airbyte,瀑布图,集成	viz-echarts
12194	数字营销	面积图	流量来源	各流量来源占比的年度	Sky-6	white	stacked area traffic source	拐点标注	标注拐点标	CT-01	Noto Sans 11	时间轴	数字营销/流量/面积图	viz-echarts
9615	Restaurant	饼图	餐厅成本结构	食材/人工/租金/水电/营销占比	Coral-5	white	pie slices	最大成本标注	标注行业均值	CT-01	Noto Sans 11	份额大小	餐厅/成本结构/饼图	viz-echarts
2127	第一财经	折线图	宏观经济指标月度趋势	趋势变化+基准对比	#C41E3A,#FF6B6B,#4A4A4A,#CCCCCC	white	折线+基准线	高亮拐点月	标注数据+解读	单栏	正文8pt	从左到右趋势	第一财经、宏观、折线、月度	nature-figure
2242	Rockefeller Fdn	漏斗	影响力投资筛选路径	递减转化+瓶颈识别	#0072BC,#00A3E0,#F7931D,#CCCCCC	white	分段漏斗	标注最大流失	标注筛选标准	单栏居中	正文8pt	从上到下衰减	Rockefeller、影响力、漏斗、投资	nature-figure
880	Salesforce	客户留存桑基	Salesforce —《客户留存流向：桑基图》	桑基图展示客户从获客到留存/流失的流向和转化	#007DBA #6B8E23 #E31837 #666666	#FFFFFF	flow	留存用绿色，流失用红色	标注各阶段客户数和流失率	桑基流左→右	Salesforce Sans 8/7	第一眼→最大流量 → 第二眼→流失节点 → 最终理解→留存健康	桑基图 客户留存 流向	viz-echarts
4240	重庆市统计局	重庆制造业转型升级路径图	传统制造→智能制造→绿色制造转型路径	流程路径图标注各阶段关键指标和目标	Stone 各阶段渐变	#FFFFFF	从左到右路径	高标签当前阶段	指标标注	按转型顺序	Helvetica 9pt	左→右 转型路径	经济 重庆 制造业 路径	viz-svg-flow
7186	Nature Machine Intelligence	雷达图	AI医疗影像算法评估	多维AI性能（灵敏度/特异度/速度/泛化/公平）	AI medical colors	White	Polygon	高亮点AI性能维度	维度评分+人医对比	单中心	Sans, 8pt	中心→外围维度	科技,AI,雷达,医疗	viz-echarts
13385	微服务	柱状图	服务拆分	各企业微服务平均拆分数量	Sky-6	white	horizontal bar microservice count	TOP标注	标注均值	CT-01	Noto Sans 11	降序	微服务/拆分/柱状图	viz-echarts
1767	Datawrapper	堆叠柱状图	Datawrapper —《欧洲各国能源来源结构对比》	核能/天然气/煤/可再生的发电占比跨国对比	紫（核）/灰（气）/棕（煤）/绿（可再生）	白	堆叠柱状，各国并列	高亮可再生占比最高国	标注%	C08-堆叠构成	8/6pt无衬线	下→上构成	Datawrapper/欧洲能源/堆叠/结构	nature-figure
12418	EIU	雷达图	民主维度	选举多元/公民自由/政府运作/政治参与/政治文化	Sky-6	white	radar democracy	最强标注	短板标注	CT-01	Noto Sans 10	中心向外	EIU/民主维度/雷达图	viz-echarts
9591	Public Sector	瀑布图	财政收支变化驱动	从上年结余到本年结余的各收支项	Teal-7	white	waterfall fiscal	最大收支标注	标注赤字	CT-01	Noto Sans 11	从左到右	公共部门/财政/瀑布图	viz-echarts
13585	数字孪生	瀑布图	降本增效	从基准到优化的各改进因素	Sky-6	white	waterfall digital twin savings	最大改善标注	标注改善项	CT-01	Noto Sans 11	从左到右	数字孪生/效益/瀑布图	viz-echarts
2637	Global Forest Watch	毁林警报热力日历	卫星监测毁林事件日度热力	矩阵式密集数据，毁林活动的日度监测热力模式	#E74C3C,#F39C12,#27AE60	#FFFFFF	日历热力	高标毁林密集期	标注政策事件	日历网格	无衬线紧凑	日历阅读	森林,GFW,热力,毁林	nature-figure
13057	GDP	柱状图	人均GDP	各省市人均GDP排行	Teal-7	white	horizontal bar gdp per capita	TOP标注	标注均值	CT-01	Noto Sans 11	降序	GDP/人均/柱状图	viz-echarts
11592	EdSurge	气泡图	学习效果	x=成绩提升 y=参与度 size=留存	Stone-6	white	bubble learning outcome	有效标注	四象限标签	CT-01	Noto Sans 10	象限扫描	EdSurge/学习效果/气泡图	viz-echarts
2774	彭博	 candlestick 图	美股 K 线走势	OHLC 价格走势	#C72C41,#50C878	白	蜡烛图	高亮关键价格位	标注成交量	时间轴	10px/7px	左→右	K线,蜡烛,美股,彭博,价格	viz-echarts
5476	THE	研究影响力评估	大学研究产出	各大学研究在各维度上的影响力分布	teal,coral,stone,gray	#FFFFFF	散点+四分线	领先标注	标注差距	散点四分	8pt sans	散点→四分→领先→差距	研究散点,影响力,产出,差距	viz-echarts
320	BCG Strategy — 企业五年战略规划	时间线路线图（Timeline Roadmap）	BCG — 时间线价值创造图：五年战略路线图	展示企业五年战略的阶段性目标、关键里程碑和预期价值释放节奏——"第一年打基础、第三年见成效、第五年收获"			每个阶段用 BCG 绿色系色块区分（深绿=奠基期，中绿=加速期，浅绿=规模化）；里程碑节点用黄色菱形标注；价值释放用绿色向上箭头	每个阶段块内标注战略主题名和 2-3 个关键举措；里程碑旁标注具体目标和达成标准；底部标注累计价值曲线	横向时间轴（Year 0 → Year 5），上方分阶段色块+里程碑，下方放累计价值创造的阶梯线	Sans-serif（BCG 品牌字体），阶段名 11pt bold，举措 8pt，里程碑标注 9pt	第一眼→三个阶段的颜色渐变和宽度（奠基最长、规模化最宽） → 第二眼→黄色里程碑菱形的分布密度 → 最终理解→价值释放集中在 Year 3-5，前两年是投资期→	时间线路线图（Timeline,BCG Strate		viz-echarts:generate_line_chart(timeline)
7970	TomTom Traffic	柱状图	城市交通排名对比	全球城市的拥堵排名和趋势	TomTom Red,Blue	#FFFFFF	横向条	高拥堵(深红)	标注排名和指数	02-双栏	Source Sans 7/6	上→下	TomTom,排名,拥堵	viz-echarts
5429	JohnDeere	精准农业热力	农田产量差异	同一农田不同区域的产量差异热力	warm-ramp,cream	#FDF8F0	网格热力	高产/低产标注	标注差异原因	网格热力	7pt sans	网格→高产→低产→原因	精准热力,农业,产量,差异	viz-echarts
10719	Refinitiv	气泡图	新兴市场债	x=利差 y=外债 size=外汇储备	Sky-6	white	bubble emerging market debt	风险标注	四象限标签	CT-01	Noto Sans 10	象限扫描	Refinitiv/新兴市场债/气泡图	viz-echarts
13307	预期寿命	柱状图	各省寿命	各省市人均预期寿命排行	Sky-6	white	horizontal bar life expectancy by province	TOP标注	标注均值	CT-01	Noto Sans 11	降序	预期寿命/各省/柱状图	viz-echarts
3209	Box Office Mojo	柱状图	全球票房Top10电影分区域票房对比	电影市场区域差异	#C8102E #FFB81C #007DBA	#FFFFFF	bar	中国票房红色	标注中国占比	26 并列比较	Helvetica 14/10	标题→排序→中国票房→区域占比	Box Office Mojo 柱状图 票房 区域	viz-echarts
373	National Geographic / Malofiej 29 金奖	分层流向地图（Layered Flow Map）	Malofiej 金奖 —《国家地理：帝王蝶迁徙路径的分层地图》	展示帝王蝶从加拿大到墨西哥 4000 公里的迁徙路径，叠加温度带、栖息地变化和人为威胁——一趟旅程正在变得越来越艰难			迁徙主线用金黄色粗线，途经的危险区域（城市扩张、农药区）用红色半透明叠加	关键栖息地标注地名和停留天数，底部放温度带横截面图	纵向北美地图，路径从上（加拿大）到下（墨西哥），右侧嵌温度横截面	Serif（Georgia），地名 11px 斜体，标题 30px 衬线加粗	第一眼→金黄色迁徙主线穿越绿色大陆 → 第二眼→线上的红色斑块（威胁区） → 最终理解→温度带的季节变化如何限制迁徙窗口	分层流向地图（Layered ,National G		viz-echarts:generate_map_chart
2522	顺丰科技	物流时效箱线图	各线路配送时效分布	统计分布形态+异常值，物流线路时效的稳定性对比	#C71585,#FF69B4	#FFFFFF	箱线图	标注中位数	标注异常线路	水平箱线	无衬线紧凑	排序后从左到右	物流,顺丰,箱线,时效	nature-figure
2974	UNDP	雷达图	人类发展指数评估	健康/教育/收入/平等/可持续	#50C878,#4A90D9	白	五维雷达	高标最弱维度	标注提升空间	雷达	10px/7px	中心→外围	人类发展,雷达,UNDP,HDI,评估	nature-figure
12734	私募	气泡图	投资回报	x=风险 y=回报 size=规模	Sky-6	white	bubble private equity return	回报标注	四象限标签	CT-01	Noto Sans 10	象限扫描	私募/回报/气泡图	viz-echarts
7309	中国数据要素×	雷达图	数据要素市场化进展评估	多维市场化（确权/定价/流通/安全/监管）	市场化 gradient	White	Polygon	高亮点市场化维度	维度评分+阶段	单中心	Sans, 8pt	中心→外围维度	政府,数据,雷达,市场化	viz-echarts
13381	DevOps	雷达图	研发效能	规划/编码/构建/测试/部署/监控	Teal-7	white	radar devops capability	最强标注	短板标注	CT-01	Noto Sans 10	中心向外	DevOps/效能/雷达图	viz-echarts
1606	Skift	堆叠面积图	Skift —《旅行方式演变：商务/休闲/商务休闲混合》	blenforcement趋势下的旅行类型结构变化	蓝（商务）/绿（休闲）/紫（混合）	白	堆叠面积	高标混合旅行增长段	标注趋势拐点	08-面积图	8/6pt无衬线	下→上构成	Skift/旅行方式/演变/堆叠面积	nature-figure
4532	Frost	阶梯图	技术采用S曲线	从早期到主流的递进	蓝紫阶梯	白	阶梯上升	加速期高亮	标注采用阶段	阶梯	Arial 8pt	自下而上	Frost/技术/阶梯/采用/曲线	viz-echarts
2618	Tesla IR	交付量与产能甘特图	各工厂产能爬坡与交付	时间+进度，多工厂产能建设和交付里程碑的跟踪	#CC0000,#000000	#FFFFFF	甘特条	高标达标工厂	标注产能目标	甘特	无衬线紧凑	时间从左到右	产能,Tesla,甘特,交付	nature-figure
3757	Nature Medicine	治疗响应瀑布图(Waterfall Response)	肿瘤患者最佳疗效瀑布	每个患者一个柱，按肿瘤变化%降序排列，RECIST 阈值线	Teal 缩小/Stone 稳定/Coral 增大	#FFFFFF	患者横向排列瀑布	高亮 PR/CR 患者	RECIST 阈值线(PD/SD/PR)	按疗效排序	Arial 7pt 患者 ID	左→右 疗效递减	学术 肿瘤 瀑布 治疗响应	viz-echarts
6742	Kantar Information	堆叠柱状图	信息消费时长渠道构成	多组分段对比（手机/PC/TV/其他）	Device colors	White	Stacked bar	高亮增长最快渠道	渠道占比+变化	堆叠	Sans, 7pt	年份→渠道构成	信息,消费,堆叠,渠道	viz-echarts
344	Uber	热力地图	Uber — 实时出行热力地图	展示城市内实时出行需求的分布密度，帮助司机判断热点区域			高需求区域用蓝色渐变加深，低需求区域透明	极简标注，仅热点区域标注地名+预估等待时间	城市地图底图 + 热力叠加层 + 右侧简洁面板	Sans 12px 地名 + 16px 等待时间	第一眼→深蓝色热区 → 第二眼→热区的地理位置 → 最终理解→去哪里接单最快	热力地图,Uber		viz-echarts:generate_map_chart(heatmap)
2964	UNCTAD	气泡演变图	FDI 流向演变	各区域 FDI 流入演变	#4A90D9,#50C878,#C72C41	白	气泡演变	高标最大流入区域	标注政策吸引力	时间+气泡	10px/7px	左→右	FDI,投资,气泡,UNCTAD,演变	viz-echarts
1339	联合国开发计划署	人类发展指数	《HDI排名：维度分解堆叠条》	展示各国人类发展指数在教育/健康/收入三个维度的分解	#009EDB #F26522 #000000 #999999	#FFFFFF	stacked	中国用红色高亮	标注极高HDI阈值线	堆叠条+阈值线+排名	UNB Tahoma 9/7	第一眼→中国接近极高HDI → 第二眼→教育是短板 → 最终理解→发展不均衡	堆叠 HDI 人类发展	viz-echarts
12883	广告	柱状图	广告主支出	各行业广告支出排行	Sky-6	white	horizontal bar advertiser spend	TOP标注	标注总额	CT-01	Noto Sans 11	降序	广告/支出/柱状图	viz-echarts
7177	PTC Digital	瀑布图	数字孪生ROI来源拆解	从投入到ROI各价值来源贡献	Digital twin ROI colors	White	Waterfall	高亮点最大价值来源	来源+金额	瀑布	Sans, 7pt	投入→价值→ROI	科技,孪生,瀑布,ROI	viz-echarts
1114	NYT	美国无家可归者统计	NYT —《美国主要城市无家可归者：分组条形+时间》	分组条形图对比纽约、洛杉矶、旧金山等城市无家可归者人数的年度变化	#E31837 #666666	#FFFFFF	bar	按人数排序	标注政策变化和增长幅度	分组条形排序	NYT Sans 8/7	第一眼→最高城市 → 第二眼→增长最快 → 最终理解→住房危机	条形图 无家可归者	viz-echarts
12628	WIPO	柱状图	专利申请	各国PCT专利申请量排行	Teal-7	white	horizontal bar wipo patent	TOP标注	标注增速	CT-01	Noto Sans 11	降序	WIPO/专利/柱状图	viz-echarts
8438	Kaiser Permanente	雷达图	整合医疗体系评估	预防/治疗/康复/精神/老年五维	Kaiser Blue,Red	#FFFFFF	五边形雷达	强维度(深蓝)	标注质量评分	01-单中心	Source Sans 7/6	外→内	Kaiser,整合医疗,质量	viz-echarts
13086	5G	面积图	5G应用	eMBB/uRLLC/mMTC场景应用占比	Warm-8	white	stacked area 5g scenario	拐点标注	标注拐点标	CT-01	Noto Sans 11	时间轴	5G/场景/面积图	viz-echarts
9313	F1	瀑布图	F1预算帽分配	分解F1车队在预算帽下的各支出领域(研发/人力/物流/运营)	灰→红→蓝	白	stack	高标最大支出项	标注预算帽线	预算瀑布	10/12 无衬线	从上到下累积	F1,预算,分配,车队	viz-echarts
4374	Greenpeace	塑料微粒污染分布气泡地图	全球水域塑料微粒污染程度	地图上气泡：位置=水域，大小=微粒浓度，颜色=类型	Warm 浓度梯度	#FFFFFF	地图+气泡	高标签污染最严重水域	浓度标注	按浓度排序气泡大小	Arial 8pt	地理→污染分布	环境 塑料 微粒 地图	viz-echarts
1015	WaPo	校园枪击统计	WaPo —《美国校园枪击事件：条形+趋势}	条形图展示每年校园枪击事件数量，叠加五年移动平均趋势线	#E31837 #666666	#FFFFFF	bar+line	年度数据用红色条形	标注重大事件和政策节点	条形+趋势线叠加	WaPo Sans 9/8	第一眼→上升条形 → 第二眼→趋势线方向 → 最终理解→枪击增长	条形图 枪击 安全	viz-echarts
12150	AI框架	柱状图	开发者生态	各深度学习框架开发者数量排行	Teal-7	white	horizontal bar ai framework developers	TOP标注	标注增速	CT-01	Noto Sans 11	降序	AI框架/开发者/柱状图	viz-echarts
4504	OECD	棒棒糖图	各国教育支出排名	公共教育投入比较	蓝绿排序	白	棒棒糖	Top5高亮	标注OECD均值	棒棒糖	Arial 8pt	从上到下	OECD/教育/棒棒糖/支出/排名	viz-echarts
11690	UNICEF	柱状图	用水困难	各国缺乏安全用水人口排行	Warm-8	white	horizontal bar water scarcity	最严重标注	标注均值	CT-01	Noto Sans 11	降序	UNICEF/用水困难/柱状图	viz-echarts
995	IMF	全球债务前景	IMF —《全球公共债务前景：瀑布+预测》	瀑布图分解全球公共债务从疫情前到当前的各项变化驱动因素	#A61B3B #007DBA #666666	#FFFFFF	bar	增加用红色，减少用蓝色	标注每项驱动因素和金额	瀑布+预测虚线	IMF Sans 9/8	第一眼→总债务增长 → 第二眼→最大驱动 → 最终理解→债务压力	瀑布图 债务 全球	viz-echarts
10531	WHO	南丁格尔图	月度死亡统计	12个月度死亡人数的扇形面积	Teal-7	white	coxcomb monthly death	最高月份标注	标注最高	CT-01	Noto Sans 10	环形扫描	WHO/月度死亡/南丁格尔图	viz-echarts
11072	FAO	折线图	粮价指数	全球食品价格的月度变化	Sky-6	white	multi-line food price	峰值标注	标注峰值标	CT-01	Noto Sans 11	时间轴	FAO/粮价/折线图	viz-echarts
11697	WHO	瀑布图	自付负担	从总费用到患者自付的各减免	Sky-6	white	waterfall outof pocket	最大减免标注	标注减免项	CT-01	Noto Sans 11	从左到右	WHO/自付负担/瀑布图	viz-echarts
10291	IMF	面积图	债务积累	全球各收入组别债务/GDP的累积	Sky-6	white	stacked area debt accumulation	拐点标注	标注拐点	CT-01	Noto Sans 11	时间轴	IMF/债务积累/面积图	viz-echarts
4513	WHO	热力图	全球疾病负担矩阵	国家×疾病类型	红黄绿严重度	白	网格热力	高负担红色	标注重点疾病	矩阵热力	Arial 7pt	左上到右下	WHO/疾病/热力图/负担/全球	viz-echarts
9839	IMF	面积图	资本流动	新兴市场资本流入流出	Warm-8	white	stacked area capital	流出峰值标注	标注危机	CT-01	Noto Sans 11	时间轴	IMF/资本流动/面积图	viz-echarts
6796	WHO	热力图	全球疾病负担国别矩阵	矩阵式密集数据（国家×疾病类型）	Disease severity gradient	White	Heatmap	高亮高负担区域	疾病名+负担值	Heatmap	Sans, 6pt	行→列→颜色深浅	政府,健康,热力,疾病	viz-echarts
13541	IEA	柱状图	能源投资	各能源类型年度投资额排行	Teal-7	white	horizontal bar iea energy investment	TOP标注	标注增速	CT-01	Noto Sans 11	降序	IEA/能源投资/柱状图	viz-echarts
1213	FAO	全球粮食安全	《全球饥饿指数：十年变化棒棒糖》	展示各国饥饿指数从十年前到现在的变化幅度和方向	#C0392B #E67E22 #F1C40F #27AE60	#FFFFFF	lollipop	改善显著的国家用绿色	标注零饥饿目标线	棒棒糖+排序+目标线	Source Sans 9/7	第一眼→多数在改善 → 第二眼→冲突地区恶化 → 最终理解→进步不均衡	棒棒糖 粮食 饥饿	viz-echarts
691	IMF	债务可持续性瀑布	IMF —《债务可持续性分析：瀑布图》	瀑布图展示影响债务可持续性的各宏观经济因素	#005EB8 #E31837 #666666	#FFFFFF	bar	恶化用红色，改善用蓝色	每柱标注宏观因素和贡献度	瀑布+N+2	DIN 9/8	第一眼→净债务变化 → 第二眼→最大驱动因素 → 最终理解→债务风险	瀑布图 债务 宏观经济	viz-echarts
2428	UNESCO	世界遗产分布地图	全球世界遗产地理分布	空间/领域分布，文化遗产的全球格局	#C0392B,#8E44AD	#ECF0F1	地图气泡	高亮密集区域	标注 TOP5 国家	世界地图	无衬线常规	地理阅读	遗产,UNESCO,地图,文化	nature-figure
11866	WHO	瀑布图	疫苗覆盖	从目标人口到实际接种的各流失	Stone-6	white	waterfall vaccine coverage	最大流失标注	标注流失项	CT-01	Noto Sans 11	从左到右	WHO/疫苗覆盖/瀑布图	viz-echarts
9800	FT	瀑布图	汇率变动	从基线到当前汇率的驱动	Coral-5	white	waterfall fx	最大驱动标注	标注驱动项	CT-01	Noto Sans 11	从左到右	金融时报/汇率分解/瀑布图	viz-echarts
537	Visual Capitalist	气泡排名+品类色	Visual Capitalist —《全球锂产量气泡排名+用途色》	气泡大小=产量，颜色=主要用途（电池/陶瓷/润滑）	#3B82F6 #10B981 #FFB300 #E53935	#FFFFFF	circle	最大产量国用饱和色	气泡标国名和产量吨数，颜色=用途	气泡排名	Helvetica Neue 14/10	第一眼→最大气泡 → 第二眼→颜色分组 → 最终理解→产量+用途分布	气泡排名 锂产量 用途	viz-echarts:generate_scatter_chart(bubble)
1759	Visual Capitalist	气泡图	VC —《全球最富有 vs 最贫穷国家：人均GDP vs 中位数财富》	各国财富水平的双维度定位	绿（富裕）/黄（中产）/红（贫穷）	白	气泡大小=人口	高亮异常富裕国	标注国名	05-气泡图	8/6pt无衬线	左下→右上	VC/全球财富/气泡/人均GDP	nature-figure
048	Bloomberg	仪表盘	实时交易量vs容量	当前状态vs目标	#00E676 #FF1744 #58A6FF	#0D1117	arc	当前值荧光绿	容量上限红线	01 单中心聚焦	Mono 24/14	标题→仪表盘→当前→上限	Bloomberg 仪表盘 实时 状态	viz-echarts:generate_gauge_chart
9818	Economist	柱状图	政府开支结构	各国政府开支占GDP比重	Stone-6	white	stacked bar spending	最大开支标注	标注OECD均值	CT-01	Noto Sans 11	降序	经济学人/政府开支/柱状图	viz-echarts
11792	FT	瀑布图	贸易冲击	从冲击前到冲击后的各传导因素	Teal-7	white	waterfall trade shock	最大冲击标注	标注冲击项	CT-01	Noto Sans 11	从左到右	FT/贸易冲击/瀑布图	viz-echarts
10518	Economist	气泡图	人口红利	x=抚养比 y=增速 size=人口	Sky-6	white	bubble demographic dividend	最优标注	四象限标签	CT-01	Noto Sans 10	象限扫描	经济学人/人口红利/气泡图	viz-echarts
10862	Bloomberg	瀑布图	指数收益	各成分股对指数涨跌的贡献	Sky-6	white	waterfall index contributors	最大贡献标注	标注贡献	CT-01	Noto Sans 11	从左到右	彭博/指数贡献/瀑布图	viz-echarts
9810	WSJ	瀑布图	家庭收支变化	从收入到结余的各项收支	Coral-5	white	waterfall household	最大支出标注	标注支出项	CT-01	Noto Sans 11	从左到右	华尔街日报/家庭收支/瀑布图	viz-echarts
1063	Economist	全球食品价格危机	Economist —《全球食品价格通胀：气泡地图}	气泡地图展示各国食品价格年涨幅，气泡大小=食品支出占家庭预算比	#E31837 #FFB81C #007DBA	#FFFFFF	circle+map	高涨幅用红色	标注涨幅最高国家和百分比	地理气泡	Economist Sans 8/7	第一眼→红色聚集 → 第二眼→低收入国家 → 最终理解→食品危机	气泡地图 食品价格	viz-echarts
960	Reuters	难民流向桑基	Reuters —《全球难民流向：桑基图》	桑基图展示难民从来源国到目的地国的流动路径和规模	#007DBA #E31837 #FFB81C #666666	#FFFFFF	sankey	主要流用粗带+亮色	带宽度=人数，标注来源和目的地	桑基流向图	Reuters Sans 8/7	第一眼→最大流向 → 第二眼→来源聚集 → 最终理解→难民危机	桑基图 难民 流向	viz-echarts
512	Visual Capitalist	等值区域地图+气泡叠加	Visual Capitalist —《全球碳排放等值区域+人均气泡》	等值区域表达总量，气泡表达人均，一张图双层信息	#DE2D26 #FFB300 #009933	#FFFFFF	map	最高排放国用深红气泡	国家标注缩写，气泡大小=人均排放	等值区域+气泡叠加	Helvetica Neue 14/10	第一眼→色块（总量） → 第二眼→气泡大小（人均） → 最终理解→总量与人均的差异	等值区域 气泡 碳排放	viz-echarts:generate_map_chart
760	Bloomberg	波动率微笑	Bloomberg —《期权波动率微笑：曲线+执行价》	波动率微笑曲线展示不同执行价的隐含波动率分布	#E31837 #007DBA #666666	#FFFFFF	line	当月用红色，次月用蓝色	标注 ATM 点和微笑最低点	微笑曲线	DIN 8/7	第一眼→微笑形状 → 第二眼→偏斜方向 → 最终理解→市场预期偏斜	波动率微笑 期权 偏斜	viz-echarts
9739	Bloomberg	柱状图	行业估值比较	PE和PB同业对比	Warm-8	white	grouped bar	最低估值标注	标注行业中位	CT-01	Noto Sans 11	估值升序	Bloomberg/估值	viz-echarts
515	Reuters	生活成本柱图	Reuters Graphics —《伊朗战争推高物价分解图》	柱图展示各商品涨幅百分比	#E3120B #8B95A2	#FFFFFF	rect	涨幅最大用红色，其余灰色	柱顶标涨幅%，底部标商品名和基价	水平条形排序	Helvetica Neue 14/10	第一眼→最长红柱 → 第二眼→商品分布 → 最终理解→哪些日用品最受影响	柱图 生活成本 物价	viz-echarts:generate_bar_chart
