id	source	chart_type	title	narrative_intent	color_palette	bg	shape	highlight	annotation	composition	typography	reading_path	keywords
001	McKinsey	堆叠面积+瀑布	行业利润池从制造端向服务端转移	利润来源结构性变化	#001A3A #003366 #0066FF #8B95A2	#FFFFFF	rect	#0066FF 饱和，其余灰	拐点写原因	06 非对称平衡	Helvetica Neue 14/10	标题→趋势→颜色转移→关键发现	麦肯锡 利润池 战略 深蓝
002	McKinsey	水平条形图	5家供应商SLA差异最高与最低相差18个百分点	表现分层为清退提供依据	#0066FF #999999 #E74C3C	#FFFFFF	rect	Coral最低一家	最低值写行动建议	01 单中心聚焦	Arial 16/11/12	标题→排序条形→达标线→尾部	麦肯锡 供应商 排序 达标线
003	Bain	瀑布图	EBITDA同比增长15M volume贡献+18M	变化拆解为驱动因素	#009933 #CC0000 #003366	#FFFFFF	rect	最大正贡献饱和绿	柱子顶部标原因	10 瀑布流	Helvetica 14/10	标题→起点→绿色增量→终点	贝恩 瀑布 桥接 正负双色
004	BCG	2x2气泡矩阵	3个明星业务支撑增长2个瘦狗需退出	用经典框架形成业务组合共识	#1E88E5 #43A047 #FFB300 #E53935	#FAFAFA	circle	明星象限饱和深蓝	气泡内写简称+增长率	01 单中心聚焦	Helvetica Neue 12/10	标题→四象限→气泡大小→明星	BCG 矩阵 气泡 战略框架
005	FT	多系列面积图	全球实际利率处于四十年最低水平	历史位置感知	#004B87 rgba(0,75,135,0.3) #E31200	#FFF1E5	area	"现在"位置红线	两侧标历史事件	12 全幅沉浸	FT Miller/Metric 11	背景识别→标题→走势→红线	FT 鲑鱼粉 利率 历史对比
006	NYT Upshot	柱状图+历史对比线	新冠死亡人数已超过二战总死亡人数	用历史参照制造情感冲击	#3668BB #E3120B rgba(54,104,187,0.2)	#FFFFFF	rect	红色"现在"线	顶部标历史对比	12 全幅沉浸	Helvetica 18/12	标题→柱子→红线→对比	NYT 死亡 历史参照 情感冲击
007	Economist	分组柱状图	选举数据：年轻选民转向第三政党	选民结构变化趋势	#E3120B #0055A5 #000000	#FFFFFF	rect	关键年龄组红色	底部写趋势描述	02 左右对比	Times New Roman 14/11	标题→分组→红色组→趋势	Economist 选举 红白黑 分组对比
008	Bloomberg	折线图+预测区间	实时股价跌破200日均线触发卖出信号	交易信号+不确定性	#00E676 #FF1744 #58A6FF	#0D1117	line	当前价荧光绿	均线位置标信号	11 紧凑仪表板	Mono 14/12	标题→折线→信号→区间	Bloomberg 深色 实时 荧光色
009	FiveThirtyEight	概率密度图	候选人胜率从35%飙升到68%	概率叙事不确定性表达	#E74C3C #3498DB rgba(52,152,219,0.2)	#FFFFFF	area	当前胜率饱和色	中位数标注	12 全幅沉浸	Helvetica 18/12	标题→密度→峰值→标注	FiveThirtyEight 概率 不确定性 选举
010	OWID	气泡演变图	全球预期寿命与GDP五十年演变	全球发展教育	#3B82F6 #EF4444 #F59E0B #10B981	#FFFFFF	circle	最新年份饱和色	国家名+增长率	01 单中心聚焦	Inter 16/12	标题→气泡→轨迹→最新	Gapminder 气泡演变 全球发展
011	Material Design	环形图	用户设备分布移动端占62%	整体+占比感知	#1A73E8 #34A853 #FBBC04 #EA4335	#FFFFFF	donut	移动端62%饱和蓝	中心放总数值	07 径向中心	Roboto 16/14	标题→环形→中心数字→占比	Material 环形 占比 设备
012	IBM Carbon	堆叠条形图	企业云迁移进度分阶段	分阶段构成变化	#0F62FE #4589FF #00C389 #9F18FF	#FFFFFF	rect	最新阶段饱和色	阶段名+百分比	03 上下分层	IBM Plex Sans 14/12	标题→堆叠→阶段构成→趋势	IBM 堆叠 云迁移 企业级
013	Stripe	子弹图	月度MRR目标完成率78%	目标差距	#635BFF #00D924 #FF394B	#0A2540	bar	完成率饱和绿	目标线标数字	08 主次嵌套	Inter 14/12	标题→子弹→完成率→缺口	Stripe 子弹图 MRR 深色
014	Airbnb	地图+散点	房东分布：东海岸密度最高	地理空间感知	#FF5A5F #00A699 #FC642D	#FFFFFF	circle	高密度区珊瑚红	密度标城市名	11 地图+插图	Inter Circular 16/14	标题→地图→热点→城市名	Airbnb 地图 散点 地理
015	Tufte	极简表格	枪支死亡率与拥枪率相关性	零装饰纯数据	#2C3E50 #E74C3C	#FFFFFF	rect	异常值红色	脚注标数据来源	04 小多图	Garamond 12/10	标题→数据分布→异常值→脚注	Tufte 表格 极简 学术
016	Nightingale	极坐标面积图	季节性死亡原因月度分布	周期+构成	#6BAED6 #FC9272 #252525	#F5F0E8	area	可预防蓝色可预防死亡红色	扇区内标原因	07 径向中心	Serif 12/10	标题→扇区→蓝色→对比	Nightingale 玫瑰图 周期 历史
017	The Pudding	小倍数条形图	100种职业最常见的名字	文化数据多样性	#FF6B6B #4ECDC4 #45B7D1 #96CEB4	#FFFFFF	rect	每种Top1饱和色	职业名+名字	04 小 multiples	Inter 14/12	标题→网格→颜色→名字	Pudding 小倍数 文化 多彩
018	Excalidraw	手绘漏斗图	客户从接触到签约转化5%	脑暴讨论	#2C3E50 #FFE0B2 #C8E6C9 #BBDEFB	#F5F0E8	rect	瓶颈环节橙色	手写标注原因	09 手绘草图	Virgil 手写	标题→漏斗→瓶颈→手写	Excalidraw 手绘 漏斗 草图
019	Alberto Cairo	散点图+回归线	教育投入与收入正相关R²=0.72	学术证据	#34495E #5D7A8C #E74C3C	#FFFFFF	circle	回归线红色	标注R²和样本量	01 单中心聚焦	Serif 14/11	标题→散点→回归线→R²	Cairo 散点 回归 学术
020	Gartner	魔力象限	供应商位置分布领导者2家挑战者3家	市场定位	#43A047 #1E88E5 #FFB300 #E53935	#FAFAFA	circle	领导者饱和绿	气泡内公司名	03 上下分层	Helvetica 14/11	标题→象限→领导者→趋势	Gartner 魔力象限 定位 气泡
021	McKinsey	雷达图	供应商综合能力六维画像	多维能力对比	#0066FF #8B95A2	#FFFFFF	polygon	领先维度饱和蓝	顶点标得分	01 单中心聚焦	Helvetica Neue 14/10	标题→雷达→领先维度→得分	麦肯锡 雷达 多维 供应商
022	McKinsey	热力图	月度活跃度按地区分布	密度+对比	#001A3A #003366 #0066FF #8B95A2 #C4CDD5	#FFFFFF	rect	高活跃深蓝	右上角标峰值	09 热力图	Helvetica 14/10	标题→色块→深色区域→峰值	麦肯锡 热力图 密度 月度
023	Bain	子弹图+目标线	季度收入完成率112%	目标超达成	#009933 #003366 #CC0000	#FFFFFF	bar	超目标部分饱和绿	目标线标100%	01 单中心聚焦	Helvetica 14/10	标题→子弹→超目标→数字	贝恩 子弹图 目标 超额
024	BCG	时间线	战略转型关键节点2019-2024	里程碑叙事	#0A1B3B #1E88E5 #43A047	#FFFFFF	rect	关键节点绿色	节点标事件名	08 时间轴	Helvetica 14/11	标题→时间轴→关键节点→终点	BCG 时间线 里程碑 战略
025	FT	蝴蝶图	脱欧前后贸易对比	两组直观对比	#004B87 #D45400	#FFF1E5	rect	左侧蓝右侧橙	中间标差异%	02 左右对比	FT Metric 12/10	标题→左侧→右侧→差异	FT 蝴蝶图 对比 双边
026	NYT	桑基图	选民从2020到2024的党派流动	转化+流向	#3668BB #E3120B #8BB0E0	#FFFFFF	flow	最大流饱和蓝	流上标百分比	01 单中心聚焦	Helvetica 14/11	标题→桑基→最大流→变化	NYT 桑基 流动 党派
027	Economist	阶梯图	碳排放在2030年前达峰路径	目标路径	#E3120B #0055A5 #000000	#FFFFFF	line	目标路径红色	阶梯标年份	10 阶梯	Helvetica 14/10	标题→阶梯→目标→路径	Economist 阶梯图 碳排放 目标
028	Bloomberg	蜡烛图+成交量	股价突破阻力位放量	交易信号	#00E676 #FF1744 #58A6FF #30363D	#0D1117	rect	突破日荧光绿	阻力位水平线	11 紧凑仪表板	Mono 14/12	标题→蜡烛→突破→成交量	Bloomberg K线 突破 放量
029	FiveThirtyEight	堆叠面积图	民调支持率变化趋势	趋势+构成	#E74C3C #3498DB #F39C12	#FFFFFF	area	领先者饱和色	拐点标事件	12 全幅沉浸	Helvetica 18/12	标题→堆叠→领先者→拐点	FiveThirtyEight 堆叠 民调 趋势
030	OWID	平行坐标图	各国发展指标多维对比	多维对比	#1B9E77 #D95F02 #7570B3 #E7298A	#FFFFFF	line	高收入国家饱和色	轴标指标名	01 单中心聚焦	Inter 12/10	标题→平行线→聚类→异常	OWID 平行坐标 多维 全球
031	Material	进度条组	五项OKR完成进度	进度总览	#1A73E8 #34A853 #FBBC04 #EA4335	#FFFFFF	bar	完成度颜色区分	进度标百分比	11 紧凑仪表板	Roboto 14/12	标题→进度条→完成项→缺口	Material 进度条 OKR 总览
032	IBM Carbon	面积图	API调用量月度趋势	趋势+累积	#0F62FE #4589FF rgba(15,98,254,0.2)	#FFFFFF	area	最新月饱和蓝	峰值标事件名	01 单中心聚焦	IBM Plex Sans 14/12	标题→面积→趋势→峰值	IBM 面积图 趋势 API
033	Stripe	分组柱状图	ARR按产品线拆分	分项对比	#635BFF #00D924 #FF394B #FFB039	#0A2540	rect	最大项紫色	柱顶标金额	03 上下分层	Inter 14/12	标题→分组→最大项→对比	Stripe 分组柱 ARR 深色
034	Airbnb	散点地图	房源价格与评分关系	相关性+地理	#FF5A5F #00A699 #FC642D	#FFFFFF	circle	高评分高价格饱和色	异常点标注	01 单中心聚焦	Inter Circular 14/12	标题→散点→趋势→异常	Airbnb 散点 价格 评分
035	Tufte	箱线图	各州测试成绩分布+异常值	统计分布	#2C3E50 #AEB6BF #E74C3C	#FFFFFF	rect	异常值红色	中位数标注	04 小 multiples	Garamond 12/10	标题→箱体→中位数→异常	Tufte 箱线图 分布 统计
036	Nightingale	雷达图	军队各兵种死亡率对比	多维对比	#6BAED6 #FC9272 #252525	#F5F0E8	polygon	陆军饱和红	顶点标兵种名	07 径向中心	Serif 12/10	标题→雷达→陆军→对比	Nightingale 雷达 军事 对比
037	The Pudding	棒棒糖图	电影票房Top50	排行+精确	#FF6B6B #4ECDC4 #45B7D1	#FFFFFF	line	Top3高饱和	电影名+金额	01 单中心聚焦	Inter 14/12	标题→Top3→排名→尾部	Pudding 棒棒糖 排行 电影
038	Excalidraw	手绘思维导图	产品功能脑暴	关联发散	#2C3E50 #FFE0B2 #C8E6C9 #BBDEFB #F8BBD0	#F5F0E8	branch	核心功能橙色	手写关键词	07 径向中心	Virgil 手写	标题→中心→分支→细节	Excalidraw 思维导图 脑暴 手绘
039	Alberto Cairo	时间线+事件	疫情时间线关键决策点	事件序列	#34495E #2980B9 #E74C3C	#FFFFFF	rect	关键事件红色	事件标日期	08 时间轴	Serif 14/11	标题→时间轴→红点→事件	Cairo 时间线 事件 疫情
040	Gartner	堆叠柱状图	IT支出按类别年度变化	构成+趋势	#43A047 #1E88E5 #FFB300 #E53935	#FAFAFA	rect	最大类别饱和色	年度标总额	03 上下分层	Helvetica 14/11	标题→堆叠→最大类→趋势	Gartner 堆叠柱 IT支出 趋势
041	McKinsey	漏斗图	客户转化五步从10000到500	转化衰减瓶颈	#001A3A #003366 #0066FF #CC0000	#FFFFFF	rect	瓶颈环节红色	瓶颈标流失率	01 单中心聚焦	Helvetica Neue 14/10	标题→漏斗→瓶颈→标注	麦肯锡 漏斗 转化 瓶颈
042	McKinsey	散点+象限	供应商绩效vs成本四象限	两维度定位	#0066FF #43A047 #FFB300 #E53935	#FFFFFF	circle	右下象限红色	象限标名称	03 上下分层	Helvetica Neue 14/10	标题→四象限→红色→行动	麦肯锡 散点 四象限 绩效
043	Bain	趋势+拐点	客户流失率拐点分析	带注释的时间序列	#009933 #CC0000 #003366	#FFFFFF	line	拐点红色圆点	拐点标原因	01 单中心聚焦	Helvetica 14/10	标题→趋势→拐点→原因	贝恩 趋势 拐点 时间序列
044	BCG	气泡演变图	市场份额三年演变	竞争格局变化	#1E88E5 #43A047 #FFB300 #E53935	#FAFAFA	circle	最新年份饱和色	气泡内公司名+份额	01 单中心聚焦	Helvetica Neue 12/10	标题→气泡→演变→最新	BCG 气泡演变 市场份额 竞争
045	FT	条形图+误差线	经济预测区间	不确定性表达	#004B87 #D45400 #8B95A2	#FFF1E5	rect	中心值饱和色	误差线标置信区间	01 单中心聚焦	FT Metric 14/11	标题→条形→误差线→区间	FT 条形 误差线 不确定性
046	NYT Upshot	面积图+不确定性	选举结果预测概率带	不确定性可视化	#3668BB rgba(54,104,187,0.2) #E3120B	#FFFFFF	area	预测区间半透明	中位线标概率	NYT Upshot 14/12	标题→面积→概率带→中位	NYT 不确定性 预测 概率
047	Economist	2x2表格+Harvey Ball	政策影响力评估	定性评估网格	#E3120B #0055A5 #000000	#FFFFFF	circle	满格红色半格空心	表格标维度	05 主次嵌套	Times 14/11	标题→表格→满格→结论	Economist Harvey Ball 定性评估
048	Bloomberg	仪表盘	实时交易量vs容量	当前状态vs目标	#00E676 #FF1744 #58A6FF	#0D1117	arc	当前值荧光绿	容量上限红线	01 单中心聚焦	Mono 24/14	标题→仪表盘→当前→上限	Bloomberg 仪表盘 实时 状态
049	FiveThirtyEight	坡度图	支持率前后变化	两组数据变化	#E74C3C #3498DB	#FFFFFF	line	变化大者饱和色	两端标名称+变化	02 左右对比	Helvetica 16/12	标题→坡度→变化最大→对比	FiveThirtyEight 坡度图 变化 对比
050	OWID	 choropleth地图	全球疫苗接种覆盖率	地理空间分布	#1B9E77 #77C88A #D95F02	#FFFFFF	area	覆盖率绿色渐变	国家名+覆盖率	11 地图+插图	Inter 14/12	标题→地图→绿色→覆盖率	OWID 地图 疫苗 全球
051	Material	日历热力图	用户活跃度月度分布	周期性密集数据	#1A73E8 #4285F4 #8AB4F8 rgba(26,115,232,0.1)	#FFFFFF	rect	高活跃深蓝	月标总活跃	17 网格	Material Sans 14/12	标题→日历→深色→峰值	Material 日历 热力 周期
052	IBM Carbon	桑基图	用户旅程从入口到转化	流入流出转化	#0F62FE #00C389 #9F18FF #EE5396	#FFFFFF	flow	最大流蓝色	流上标转化率	01 单中心聚焦	IBM Plex Sans 14/11	标题→桑基→最大流→转化	IBM 桑基 用户旅程 转化
053	Stripe	折线图+多系列	五项SaaS指标月度趋势	多指标趋势	#635BFF #00D924 #FF394B #FFB039 #0073E6	#0A2540	line	核心指标紫色	拐点标事件	01 单中心聚焦	Inter 14/12	标题→折线→紫色→拐点	Stripe 折线 多系列 SaaS
054	Airbnb	树状图	房源类型嵌套占比	多层级占比	#FF5A5F #00A699 #FC642D	#FFFFFF	rect	大类饱和色	矩形内标名称+占比	16 矩形树	Inter Circular 12/10	标题→树状→大类→细分	Airbnb 树状图 嵌套 占比
055	Tufte	斜率图	排名变化从2020到2024	排序变化	#2C3E50 #E74C3C	#FFFFFF	line	变化大者红色	两端标排名	02 左右对比	Garamond 12/10	标题→斜率→下降最大→上升	Tufte 斜率图 排名 变化
056	Nightingale	甘特图	项目里程碑和依赖关系	时间+进度	#6BAED6 #FC9272 #252525	#F5F0E8	rect	关键路径红色	条上标里程碑名	15 甘特	Serif 12/10	标题→甘特→关键路径→依赖	Nightingale 甘特图 项目 里程碑
057	The Pudding	小提琴图+散点	收入分布按教育程度	分布+原始数据	#FF6B6B #4ECDC4 #45B7D1	#FFFFFF	area	高学历饱和色	中位数+散点	04 小 multiples	Inter 14/12	标题→小提琴→中位数→散点	Pudding 小提琴 分布 教育
058	Excalidraw	手绘架构图	系统模块和依赖	结构+关系	#2C3E50 #FFE0B2 #C8E6C9 #BBDEFB	#F5F0E8	rect	核心模块橙色	箭头标依赖	05 主次嵌套	Virgil 手写	标题→核心→依赖→外围	Excalidraw 架构图 手绘 系统
059	Alberto Cairo	面积图+注解	气温异常1880-2024	趋势+事件	#34495E #2980B9 #E74C3C	#FFFFFF	area	异常高温红色	事件标年份+描述	Cairo 14/11	标题→面积→红色→事件	Cairo 面积图 气温 注解
060	Gartner	矩阵表+颜色	技术成熟度评估	定性+定量混合	#43A047 #1E88E5 #FFB300 #E53935	#FAFAFA	rect	成熟度高绿色	单元格标评级	17 网格	Helvetica 12/10	标题→矩阵→绿色→评级	Gartner 矩阵 成熟度 评估
061	内部	金字塔图	人才梯队五层结构	自下而上层级	#001A3A #003366 #0066FF #8B95A2 #C4CDD5	#FFFFFF	rect	顶层饱和深蓝	层标人数+比例	31 金字塔	Helvetica 16/11	标题→塔尖→塔身→塔底	内部 金字塔 人才 层级
062	内部	循环轮	PDCA质量改进闭环	闭环循环	#D45400 #E8A87C #963C00	#FFFFFF	arc	关键步骤Warm500	箭头标流向	34 循环轮	Helvetica 14/11	标题→循环→关键步骤→闭环	内部 循环 PDCA 质量
063	内部	齿轮图	跨部门协作联动机制	依赖联动	#4A4540 #8B8680 #D45400	#FFFFFF	gear	核心齿轮Warm500	齿轮标部门名	39 齿轮	Helvetica 14/11	标题→核心齿轮→联动→外围	内部 齿轮 协作 联动
064	内部	冰山图	客诉问题显性12%隐性88%	显性少隐性多	#8B8680 #D45400 #5E2200	#F5F0E8	triangle	水线以上Coral色	水面标分界线	49 冰山	Helvetica 16/12	标题→水面→水上→水下	内部 冰山 客诉 根因
065	内部	天平图	自研vs外包成本权衡	利弊权衡	#8B8680 #D45400 #E8A87C	#FFFFFF	lever	倾斜侧Warm500	两端标成本数字	42 天平	Helvetica 14/11	标题→天平→倾斜→数字	内部 天平 权衡 自研外包
066	内部	拼图图	团队能力互补	互补完整性	#D45400 #E8A87C #FDE8D8 #963C00	#FFFFFF	puzzle	缺失块红色	拼图块标能力名	40 拼图	Helvetica 14/11	标题→拼图→缺失→补齐	内部 拼图 能力 互补
067	内部	杠杆图	关键杠杆点撬动增长	以小博大	#D45400 #5E2200 #8B8680	#FFFFFF	lever	支点Warm500	支点标杠杆因素	41 杠杆	Helvetica 14/11	标题→杠杆→支点→力臂	内部 杠杆 撬动 增长
068	内部	宇宙图	平台生态核心+轨道+边缘	生态体系	#001A3A #0066FF #8B95A2 #C4CDD5	#FFFFFF	circle	核心Warm700	轨道标业务名	53 宇宙	Helvetica 14/11	标题→核心→轨道→边缘	内部 宇宙 生态 平台
069	内部	树状生长图	人才成长从根到冠	生长发展	#2D6A4F #40916C #74C69D	#FFFFFF	tree	树冠饱和绿	分支标能力	59 树	Helvetica 14/11	标题→树根→树干→树冠	内部 树 人才 成长
070	内部	道路图	战略方向三条路径	路径选择	#D45400 #E8A87C #963C00 #5E2200	#FFFFFF	path	推荐路径Warm500	分叉标选择	71 道路	Helvetica 14/11	标题→起点→分叉→终点	内部 道路 战略 方向
071	内部	工厂图	标准化生产流程	规模化流程	#8B8680 #D45400 #5E2200	#FFFFFF	rect	瓶颈工位红色	工位标步骤+时间	68 工厂	Helvetica 14/11	标题→入口→流水线→出口	内部 工厂 流程 标准化
072	内部	马拉松图	长期竞争耐力赛	持久战	#D45400 #E8A87C #C4CDD5	#FFFFFF	path	领先者Warm500	跑者标竞对名	63 马拉松	Helvetica 14/11	标题→起点→领先者→终点	内部 马拉松 竞争 耐力
073	内部	城市生态图	业务生态多单元共存	生态共存	#D45400 #E8A87C #FDE8D8 #963C00	#FFFFFF	building	核心业务Warm500	建筑标业务名	62 城市	Helvetica 14/11	标题→全景→核心→边缘	内部 城市 生态 共存
074	内部	实验图	假设+验证流程	试点验证	#D45400 #963C00 #8B8680	#FFFFFF	rect	验证成功绿色	步骤标假设+结果	67 实验	Helvetica 14/11	标题→假设→实验→结果	内部 实验 假设 验证
075	内部	书架图	知识积累和能力储备	资源积累	#8B8680 #D45400 #E8A87C	#FFFFFF	shelf	重点书籍Warm500	书目标名称	57 书架	Helvetica 14/11	标题→书架→重点→分类	内部 书架 知识 积累
076	内部	传送带图	流水线式标准化推进	批处理	#8B8680 #D45400 #5E2200	#FFFFFF	rect	关键工序Warm500	工序标步骤+时间	70 传送带	Helvetica 14/11	标题→入口→传送→出口	内部 传送带 流水线 标准
077	内部	机器图	系统化运作机制	机制运转	#4A4540 #8B8680 #D45400	#FFFFFF	gear	核心引擎Warm500	部件标模块名	72 机器	Helvetica 14/11	标题→核心引擎→齿轮→输出	内部 机器 系统 机制
078	内部	迷宫图	复杂决策路径探索	路径复杂度	#8B8680 #D45400 #E8A87C	#FFFFFF	path	正确路径Warm500	入口出口标场景	47 迷宫	Helvetica 14/11	标题→入口→路径→出口	内部 迷宫 决策 路径
079	内部	根系图	根因分析向下延伸	向下扎根	#5E2200 #D45400 #8B8680	#FFFFFF	branch	根因红色	根部标根因名	58 根源	Helvetica 14/11	标题→问题表象→根系→根因	内部 根系 根因 向下
080	内部	循环系统图	资金流动循环	流动循环	#D45400 #E8A87C #FDE8D8	#FFFFFF	flow	主动脉Warm500	节点标部门+金额	60 循环	Helvetica 14/11	标题→心脏→动脉→静脉	内部 循环系统 资金 流动
081	内部	速度仪表盘	KPI健康度总览	状态vs目标	#D45400 #963C00 #8B8680	#FFFFFF	arc	当前值Warm500	表盘标目标值	38 仪表盘	Helvetica 14/11	标题→仪表盘→当前→目标	内部 仪表盘 KPI 健康
082	内部	地铁路线图	多业务线交汇	交叉复用	#D45400 #E8A87C #FDE8D8 #963C00 #5E2200	#FFFFFF	path	换乘节点Warm500	站点标业务名	37 地铁	Helvetica 12/10	标题→线路→换乘→终点	内部 地铁 多线 交汇
083	内部	ISOTYPE	用户构成人群量化	人群量化	#D45400 #E8A87C #FDE8D8	#FFFFFF	icon	核心人群Warm500	图标标百分比	36 ISOTYPE	Helvetica 14/11	标题→人群→核心→尾部	内部 ISOTYPE 人群 量化
084	内部	系谱图	技术演进传承	血缘传承	#8B8680 #D45400 #5E2200	#FFFFFF	branch	主干Warm500	节点标技术+年份	45 系谱	Helvetica 12/10	标题→根→主干→分支	内部 系谱 技术 传承
085	内部	解剖图	组织架构分解	系统拆分	#D45400 #E8A87C #963C00	#FFFFFF	organ	核心部门Warm500	器官标部门名	46 组成	Helvetica 14/11	标题→整体→器官→功能	内部 解剖 组织 拆分
086	内部	三明治图	中间层管理压力	夹层结构	#D45400 #E8A87C #FDE8D8 #963C00	#FFFFFF	rect	中间层Coral色	层标角色+压力	52 三明治	Helvetica 14/11	标题→上层→夹心→下层	内部 三明治 夹层 压力
087	内部	高山图	目标攀登路径	攀登障碍	#D45400 #963C00 #8B8680	#FFFFFF	mountain	顶峰Warm500	障碍标名称	50 高山	Helvetica 14/11	标题→起点→障碍→顶峰	内部 高山 攀登 目标
088	内部	岛屿图	信息孤岛识别	孤立独立	#8B8680 #D45400 #E8A87C	#FFFFFF	island	目标岛屿Warm500	岛屿标系统名	51 岛屿	Helvetica 14/11	标题→全景→目标岛→连接	内部 岛屿 信息孤岛 识别
089	内部	过山车图	业绩波动曲线	起伏波动	#D45400 #E8A87C #963C00	#FFFFFF	line	谷底Coral色	峰值标原因	56 过山车	Helvetica 14/11	标题→波动→谷底→恢复	内部 过山车 业绩 波动
090	内部	进化图	能力从原始到高级	演进升级	#D45400 #E8A87C #FDE8D8 #963C00	#FFFFFF	path	最新阶段Warm500	阶段标版本号	64 进化	Helvetica 14/11	标题→原始→演进→最新	内部 进化 能力 升级
091	内部	聚集图	从分散到集中	资源整合	#8B8680 #D45400 #E8A87C	#FFFFFF	circle	聚集中心Warm500	点标来源+大小	66 聚集	Helvetica 14/11	标题→分散→向心→聚集	内部 聚集 资源 整合
092	内部	成套工具图	管理工具箱	工具集合	#8B8680 #D45400 #E8A87C #FDE8D8	#FFFFFF	tool	核心工具Warm500	工具标方法名	69 成套	Helvetica 14/11	标题→工具箱→核心→辅助	内部 成套工具 方法 集合
093	内部	建筑活动图	同一空间内多活动	分工协作	#D45400 #E8A87C #FDE8D8	#FFFFFF	building	核心活动Warm500	房间标活动+人	61 建筑	Helvetica 14/11	标题→建筑→房间→活动	内部 建筑 分工 多活动
094	内部	食物链图	上下游依赖关系	强弱依赖	#D45400 #963C00 #8B8680	#FFFFFF	chain	顶级Warm500	节点标环节名	65 食物链	Helvetica 14/11	标题→底层→中层→顶层	内部 食物链 上下游 依赖
095	内部	楼梯图	阶梯式成长路径	阶梯进阶	#D45400 #E8A87C #963C00	#FFFFFF	stair	最高阶Warm500	台阶标级别	35 楼梯	Helvetica 14/11	标题→底层→攀登→顶层	内部 楼梯 成长 进阶
096	内部	辐轮图	核心能力辐射多方向	中心辐射	#D45400 #E8A87C #FDE8D8 #963C00	#FFFFFF	wheel	核心Warm500	辐条标能力名	33 辐轮	Helvetica 14/11	标题→核心→辐条→外围	内部 辐轮 核心 辐射
097	内部	头部轮廓图	认知分区思维结构	思维分区	#8B8680 #D45400 #E8A87C	#FFFFFF	head	核心认知Warm500	区域标认知类型	44 头部	Helvetica 14/11	标题→轮廓→分区→核心	内部 头部 认知 分区
098	内部	切尔诺夫脸谱	团队氛围多维状态	情绪综合	#D45400 #E8A87C #963C00	#FFFFFF	face	负面表情Coral色	表情维度标指标	43 脸谱	Helvetica 14/11	标题→表情→负面→正面	内部 脸谱 情绪 多维
099	内部	同心图	由内而外圈层扩散	核心外围	#001A3A #003366 #0066FF #8B95A2	#FFFFFF	circle	核心深蓝	圈层标层级名	03 同心	Helvetica 14/11	标题→核心→内圈→外圈	内部 同心 圈层 扩散
100	内部	圆形图	多维度环形对比	多指标环形	#D45400 #E8A87C #FDE8D8 #963C00	#FFFFFF	ring	最优维度Warm500	环上标指标名	04 圆形	Helvetica 14/11	标题→环形→最优→最差	内部 圆形 环形 多维
101	内部	气泡图	市场定位三维分析	三维数据	#D45400 #E8A87C #963C00 #5E2200	#FFFFFF	circle	目标气泡Warm500	气泡标名称+三维	05 气泡	Helvetica 14/11	标题→气泡→目标→分布	内部 气泡 三维 定位
102	内部	折线图	季度业绩趋势	趋势变化	#D45400 #8B8680	#FFFFFF	line	最新点Warm500	拐点标原因	07 折线	Helvetica 14/11	标题→折线→趋势→拐点	内部 折线 趋势 季度
103	内部	面积图	流量累积趋势	趋势+累积	#D45400 rgba(212,84,0,0.2)	#FFFFFF	area	累积Warm500	顶部标总量	08 面积	Helvetica 14/11	标题→面积→累积→峰值	内部 面积 流量 累积
104	内部	散点图	人效vs成本相关性	两变量关系	#8B8680 #D45400	#FFFFFF	circle	目标区域Warm500	回归线+R²	09 散点	Helvetica 14/11	标题→散点→回归→目标	内部 散点 相关性 人效
105	内部	旭日图	组织架构多层级分解	多层级占比	#D45400 #E8A87C #FDE8D8 #963C00 #5E2200	#FFFFFF	sunburst	最大扇形Warm500	环上标部门	10 旭日	Helvetica 12/10	标题→中心→内环→外环	内部 旭日 多层级 架构
106	内部	扇形图	方向性分布	扇形占比	#D45400 #E8A87C #FDE8D8	#FFFFFF	fan	最大扇Warm500	扇标方向+比例	11 扇形	Helvetica 14/11	标题→扇形→最大→分布	内部 扇形 方向 占比
107	内部	风玫瑰图	客户来源方向强度	方向+强度	#D45400 #E8A87C #963C00	#FFFFFF	petal	最强方向Warm500	方向标来源	12 风玫瑰	Helvetica 14/11	标题→花瓣→最强→方向	内部 风玫瑰 方向 强度
108	内部	柱状图	地区业绩排行	分类对比	#D45400 #8B8680 #E8A87C	#FFFFFF	rect	Top1 Warm500	柱顶标金额	13 柱状	Helvetica 14/11	标题→Top1→排名→尾部	内部 柱状 排行 地区
109	内部	磁带图	多组分段占比对比	分段对比	#D45400 #E8A87C #FDE8D8 #963C00	#FFFFFF	rect	关键段Warm500	段标比例	14 磁带	Helvetica 14/11	标题→分组→关键段→对比	内部 磁带 分段 对比
110	内部	甘特图	项目排期进度	时间+进度	#D45400 #8B8680 #E8A87C	#FFFFFF	bar	关键路径Warm500	条标里程碑	15 甘特	Helvetica 12/10	标题→时间轴→关键路径→进度	内部 甘特 排期 项目
111	内部	矩形树图	预算分配嵌套占比	嵌套占比	#D45400 #E8A87C #FDE8D8 #963C00	#FFFFFF	rect	最大块Warm500	矩形标名称+金额	16 矩形树	Helvetica 12/10	标题→最大→细分→尾部	内部 矩形树 预算 嵌套
112	内部	网格图	月度排班表	矩阵式密集	#8B8680 #D45400 #E8A87C	#FFFFFF	rect	忙碌日Coral色	单元格标姓名	17 网格	Helvetica 10/9	标题→日历→忙碌→空闲	内部 网格 排班 密集
113	内部	元素周期表	能力矩阵二维网格	分类+属性	#D45400 #E8A87C #FDE8D8 #963C00	#FFFFFF	rect	高优先级Warm500	元素标能力+等级	18 周期表	Helvetica 12/10	标题→网格→高优→低优	内部 周期表 能力 矩阵
114	内部	弧线图	部门间合作关系	连接关系	#D45400 #E8A87C #FDE8D8	#FFFFFF	arc	强连接Warm500	弧上标合作类型	19 弧线	Helvetica 12/10	标题→节点→强连接→弱连接	内部 弧线 合作 关系
115	内部	弦线图	跨部门协作双向网络	双向关系	#D45400 #E8A87C #963C00 #FDE8D8	#FFFFFF	chord	最强弦Warm500	弦上标协作量	21 弦线	Helvetica 12/10	标题→圆环→最强弦→外围	内部 弦线 双向 协作
116	内部	极坐标网格图	周期性数据分布	极坐标分布	#D45400 #8B8680 #E8A87C	#FFFFFF	dot	峰值Warm500	角度标月份	23 极坐标	Helvetica 12/10	标题→极坐标→峰值→周期	内部 极坐标 周期 分布
117	内部	螺旋图	成长路径螺旋递进	螺旋迭代	#D45400 #E8A87C #963C00	#FFFFFF	spiral	最新圈Warm500	圈标迭代版本	24 螺旋	Helvetica 12/10	标题→中心→螺旋→最新	内部 螺旋 递进 成长
118	内部	时间线	项目里程碑序列	事件序列	#D45400 #8B8680 #E8A87C	#FFFFFF	line	关键里程碑Warm500	节点标日期+事件	25 时间线	Helvetica 14/11	标题→起点→里程碑→终点	内部 时间线 里程碑 事件
119	内部	并列比较	A/B方案逐项对比	两组对比	#D45400 #8B8680 #E8A87C	#FFFFFF	rect	优势项Warm500	项标差异	26 并列	Helvetica 14/11	标题→A→B→差异	内部 并列 对比 AB
120	内部	抽象树	组织层级分解	层级分类	#D45400 #E8A87C #963C00	#FFFFFF	tree	根节点Warm500	节点标部门名	27 树	Helvetica 14/11	标题→根→枝→叶	内部 抽象树 层级 分解
121	内部	思维导图	放射状知识网络	关联发散	#D45400 #E8A87C #FDE8D8 #963C00 #5E2200	#FFFFFF	branch	核心Warm500	节点标关键词	28 思维导图	Helvetica 14/11	标题→中心→主支→子支	内部 思维导图 关联 知识
122	内部	决策树	条件判断策略选择	分支决策	#D45400 #963C00 #8B8680	#FFFFFF	tree	推荐路径Warm500	节点标条件	29 决策	Helvetica 14/11	标题→根→条件→推荐叶	内部 决策树 条件 策略
123	内部	方框图	系统模块结构化	结构化流程	#8B8680 #D45400 #E8A87C	#FFFFFF	rect	核心模块Warm500	框标模块名	30 方框	Helvetica 14/11	标题→核心→依赖→辅助	内部 方框 模块 结构
124	内部	MECE拆解	业务互斥穷尽分解	MECE分解	#D45400 #E8A87C #FDE8D8 #963C00	#FFFFFF	rect	核心分支Warm500	分支标类别+占比	C01 MECE	Helvetica 14/11	标题→整体→分支→叶子	内部 MECE 分解 业务
125	内部	瀑布分析	收入增减驱动因素	变化驱动	#D45400 #963C00 #8B8680	#FFFFFF	rect	最大驱动Warm500	柱标因素+金额	C02 瀑布	Helvetica 14/11	标题→起点→驱动→终点	内部 瀑布 驱动 收入
126	内部	2x2矩阵	两维度四象限定位	优先级排序	#D45400 #E8A87C #FDE8D8 #963C00	#FFFFFF	circle	优先象限Warm500	气泡标事项名	C03 矩阵	Helvetica 14/11	标题→象限→优先→尾部	内部 矩阵 四象限 优先级
127	内部	时间线+里程碑	人生阶段关键节点	人生节点	#D45400 #8B8680 #E8A87C	#FFFFFF	line	关键节点Warm500	节点标年龄+事件	C04 时间线	Helvetica 14/11	标题→起点→节点→终点	内部 时间线 人生 里程碑
128	内部	对比表+结论	方案多维度评估	评估选择	#D45400 #8B8680 #E8A87C	#FFFFFF	rect	最优方案Warm500	底部标推荐结论	C05 对比表	Helvetica 14/11	标题→表格→最优→结论	内部 对比表 方案 评估
129	内部	漏斗+瓶颈	招聘筛选转化衰减	筛选瓶颈	#D45400 #E76F51 #8B8680	#FFFFFF	rect	瓶颈环节Coral	瓶颈标流失率	C06 漏斗	Helvetica 14/11	标题→漏斗→瓶颈→流失	内部 漏斗 瓶颈 招聘
130	内部	趋势+拐点	成长轨迹趋势分析	带注释趋势	#D45400 #8B8680 #E8A87C	#FFFFFF	line	拐点Warm500	拐点标事件	C07 趋势	Helvetica 14/11	标题→趋势→拐点→解释	内部 趋势 拐点 成长
131	内部	堆叠构成	收入组成及变化	总量组成	#D45400 #E8A87C #FDE8D8 #963C00	#FFFFFF	rect	最大构成Warm500	段标类别+占比	C08 堆叠	Helvetica 14/11	标题→总量→构成→变化	内部 堆叠 收入 构成
132	内部	差距到目标	现状vs目标vs路径	目标差距	#D45400 #8B8680 #E8A87C	#FFFFFF	bar	缺口Coral色	目标线标差距	C09 差距	Helvetica 14/11	标题→现状→缺口→目标	内部 差距 目标 现状
133	内部	散点+象限	兴趣vs投入异常识别	相关性+分区	#8B8680 #D45400 #E8A87C	#FFFFFF	circle	异常点Coral	象限标名称	C10 散点	Helvetica 14/11	标题→象限→异常→正常	内部 散点 象限 异常
134	内部	层级树	知识分类分解	组织分类	#D45400 #E8A87C #963C00	#FFFFFF	tree	根节点Warm500	节点标分类名	C11 层级树	Helvetica 14/11	标题→根→枝→分类叶	内部 层级树 知识 分类
135	内部	桥接图	阶段间变化拆解	阶段变化	#D45400 #963C00 #8B8680	#FFFFFF	rect	最大变化Warm500	桥标因素	C12 桥接	Helvetica 14/11	标题→A→桥→B	内部 桥接 阶段 变化
136	内部	Harvey Ball	成熟度评分定性评估	定性网格	#D45400 #8B8680	#FFFFFF	circle	满格Warm500	单元格标等级	C13 Harvey	Helvetica 12/10	标题→网格→满格→空	内部 Harvey 成熟度 定性
137	内部	子弹图	单指标vs目标	目标达成	#D45400 #8B8680 #E8A87C	#FFFFFF	bar	实际Warm500	目标线标数字	C14 子弹	Helvetica 14/11	标题→实际→目标→缺口	内部 子弹 目标 达成
138	内部	桑基流	资金去向流向	资源流向	#D45400 #E8A87C #FDE8D8 #963C00	#FFFFFF	flow	最大流Warm500	流上标金额占比	C15 桑基	Helvetica 14/11	标题→来源→最大流→去向	内部 桑基 资金 流向
139	内部	Issue Tree	问题分解到假设	根因分解	#D45400 #963C00 #8B8680	#FFFFFF	tree	关键假设Warm500	节点标假设	C16 Issue	Helvetica 14/11	标题→问题→分支→假设	内部 Issue 根因 假设
140	内部	V形图	问题→根因→对策	因果链条	#D45400 #E76F51 #8B8680	#FFFFFF	path	对策侧Warm500	节点标问题+对策	V 形	Helvetica 14/11	标题→问题→根因→对策	内部 V形 因果 对策
141	内部	桥牌图	资源分配优先级矩阵	优先级+约束	#D45400 #E8A87C #963C00 #5E2200	#FFFFFF	rect	高优Warm500	格子标资源+优先级	矩阵	Helvetica 12/10	标题→矩阵→高优→低优	内部 桥牌 资源 优先
142	内部	靶心图	目标命中度评估	精准度	#D45400 #E8A87C #FDE8D8 #963C00	#FFFFFF	circle	命中Warm500	环标精度等级	靶心	Helvetica 14/11	标题→靶心→命中→偏差	内部 靶心 目标 精准
143	内部	波浪图	季节性波动模式	周期波动	#D45400 #8B8680 #E8A87C	#FFFFFF	line	波峰Warm500	波峰标原因	波浪	Helvetica 14/11	标题→波浪→波峰→波谷	内部 波浪 季节 波动
144	内部	蜂巢图	模块化能力网络	模块化连接	#D45400 #E8A87C #FDE8D8	#FFFFFF	hex	核心模块Warm500	六边形标能力	蜂巢	Helvetica 12/10	标题→核心→邻接→外围	内部 蜂巢 模块 网络
145	内部	桥拱图	跨部门连接强度	连接桥梁	#8B8680 #D45400 #E8A87C	#FFFFFF	arch	强连接Warm500	拱标协作项目	桥拱	Helvetica 12/10	标题→两岸→桥拱→流量	内部 桥拱 连接 协作
146	内部	漏斗+反向	筛选+流失双向	双向筛选	#D45400 #E76F51 #8B8680	#FFFFFF	rect	双向对比Coral	两侧标原因	双向漏斗	Helvetica 14/11	标题→正向→反向→差异	内部 双向漏斗 筛选 流失
147	内部	时钟图	24小时活动分布	时间分布	#D45400 #E8A87C #963C00	#FFFFFF	arc	高峰时段Warm500	时刻标活动	时钟	Helvetica 12/10	标题→12点→高峰→低谷	内部 时钟 时间 分布
148	内部	桥梁图	现状到未来的跨越	跨越差距	#8B8680 #D45400 #E8A87C	#FFFFFF	bridge	桥面Warm500	桥墩标举措	桥梁	Helvetica 14/11	标题→此岸→桥→彼岸	内部 桥梁 跨越 举措
149	内部	温度计图	累积进度条	累积进度	#D45400 #8B8680 #E8A87C	#FFFFFF	bar	当前Warm500	刻度标里程碑	温度计	Helvetica 14/11	标题→底部→当前→目标	内部 温度计 进度 累积
150	内部	瀑布+目标	目标达成路径	目标路径拆解	#D45400 #963C00 #8B8680	#FFFFFF	rect	目标线红色	柱标举措+金额	瀑布目标	Helvetica 14/11	标题→现状→举措→目标	内部 瀑布 目标 路径
151	Google	堆叠柱状图	Android版本分布年度变化	版本构成趋势	#3DDC84 #4285F4 #FBBC04 #EA4335	#FFFFFF	rect	最新Android绿色	柱顶标版本名	堆叠柱	Roboto 14/12	标题→堆叠→绿色→版本	Google 堆叠 Android 版本
152	Amazon	瀑布图	Prime收入增长驱动拆解	增长归因	#FF9900 #146EB4 #000000	#FFFFFF	rect	最大贡献橙色	柱标驱动因素	瀑布	Amazon Ember 14/11	标题→起点→驱动→终点	Amazon 瀑布 Prime 归因
153	Apple	环形进度图	服务收入占比28%	简洁占比	#000000 #FFFFFF #0071E3	#FFFFFF	donut	28%蓝色	中心放28%	环形	SF Pro 24/16	标题→环形→中心数字	Apple 环形 简洁 服务
154	Microsoft	面积图	Azure收入增长趋势	云增长	#0078D4 #005A9E #DE350B	#FFFFFF	area	Azure蓝色	拐点标产品发布	面积	Segoe UI 14/12	标题→面积→增长→拐点	Microsoft 面积 Azure 增长
155	Tesla	折线图	交付量季度突破	增长爆发	#E82127 #000000	#FFFFFF	line	最新季度红色	拐点标交付数	折线	Helvetica 18/14	标题→折线→爆发→数字	Tesla 折线 交付 增长
156	Netflix	热力图	用户观看时段分布	时间密度	#E50914 #221F1F #B20710	#141414	rect	高峰红色	单元格标节目	热力 Netflix Sans 12/10	标题→热力→高峰→时段	Netflix 热力图 观看 时段
157	Spotify	雷达图	音乐推荐算法六维评分	算法能力	#1DB954 #191414 #FFFFFF	#191414	polygon	最强维度绿色	顶点标维度+分	雷达	Circular 14/12	标题→雷达→最强→维度	Spotify 雷达 推荐 算法
158	Salesforce	桑基图	销售漏斗转化流向	销售转化	#00A1E0 #032D60 #4BC7F6	#FFFFFF	flow	最大流蓝色	流上标转化率	桑基	Salesforce Sans 14/11	标题→桑基→最大流→转化	Salesforce 桑基 销售 转化
159	Uber	地图热力	订单密度城市分布	地理密度	#000000 #FFFFFF #276EF1	#FFFFFF	area	高密度蓝色	城市标订单量	地图	Uber Move 14/12	标题→地图→热点→城市	Uber 地图 热力 订单
160	Deloitte	瀑布图	并购估值调整因素	估值桥接	#86BC25 #000000 #58595B	#FFFFFF	rect	最大调整绿色	柱标调整因素	瀑布	Helvetica 14/11	标题→起点→调整→终点	Deloitte 瀑布 并购 估值
161	KPMG	矩阵表	风险热力评估	风险矩阵	#003087 #58595B #86BC25	#FFFFFF	rect	高风险红色	格子标风险+等级	矩阵	Helvetica 12/10	标题→矩阵→高风险→低	KPMG 矩阵 风险 热力
162	PwC	子弹图	数字化转型进度vs行业	行业对比	#E87722 #58595B #000000	#FFFFFF	bar	实际橙色	行业基准线	子弹	Helvetica 14/11	标题→实际→基准→缺口	PwC 子弹 数字化 基准
163	EY	散点+象限	风险vs回报项目组合	投资定位	#000000 #2E3192 #FFB81C	#FFFFFF	circle	高回报高险深蓝	象限标策略	散点	Helvetica 14/11	标题→象限→高优→回避	EY 散点 风险 回报
164	Harvard BCG	散点图	教育干预效果vs成本	教育经济学	#A51C30 #000000 #CCCCCC	#FFFFFF	circle	高效低成本红色	回归线+标注	散点	Serif 14/11	标题→散点→高效→低效	Harvard 散点 教育 经济
165	WHO	面积堆叠图	全球疾病负担变化	公共卫生	#003366 #0066CC #66CCFF #CCCCCC	#FFFFFF	area	传染病深蓝	拐点标事件	堆叠面积	Helvetica 14/12	标题→堆叠→传染病→下降	WHO 堆叠 疾病 公卫
166	World Bank	气泡演变图	贫困率vs增长各国演变	发展经济学	#004B87 #D45400 #FFB300	#FFFFFF	circle	最新年份饱和色	气泡标国家+贫困率	气泡演变	Inter 14/12	标题→气泡→演变→贫困	WorldBank 气泡 贫困 发展
167	IMF	瀑布图	GDP增长贡献因素拆解	宏观经济	#003366 #A4203B #0066FF	#FFFFFF	rect	最大贡献蓝色	柱标因素+bp	瀑布	Helvetica 14/11	标题→GDP→贡献→分解	IMF 瀑布 GDP 宏观
168	OECD	雷达图	成员国幸福指数多维对比	生活质量	#007A33 #F48024 #003366	#FFFFFF	polygon	最高饱和绿	顶点标维度	雷达	Helvetica 14/11	标题→雷达→最高→最低	OECD 雷达 幸福 多维
169	UNDP	地图	人类发展指数全球分布	发展水平	#0072C6 #009CDE #87CEEB #CCCCCC	#FFFFFF	area	高HDI深蓝	国家标HDI	地图	Helvetica 14/12	标题→地图→深蓝→浅色	UNDP 地图 HDI 发展
170	财新	折线图+事件	A股十年走势+关键事件	金融市场	#CC0000 #333333 #999999	#FFFFFF	line	关键事件红色	事件标日期	折线	思源黑体 16/12	标题→折线→事件→底部	财新 折线 A股 事件
171	36氪	气泡图	一级市场融资轮次分布	创投生态	#0066FF #FF6600 #00CC66	#FFFFFF	circle	最大轮次蓝色	气泡标公司+金额	气泡	思源黑体 14/12	标题→气泡→最大→尾部	36氪 气泡 融资 创投
172	晚点	对比柱状图	两家巨头各项指标对比	竞争对比	#CC0000 #0066FF #333333	#FFFFFF	rect	我司红色	柱顶标差异%	对比柱	思源黑体 14/12	标题→对比→优势→劣势	晚点 对比 巨头 竞争
173	虎嗅	漏斗图	用户从下载到付费转化	互联网转化	#FF6600 #333333 #999999	#FFFFFF	rect	瓶颈橙色	瓶颈标流失原因	漏斗	思源黑体 14/12	标题→漏斗→瓶颈→优化	虎嗅 漏斗 转化 互联网
174	第一财经	面积图+对比	中美制造业PMI对比	宏观对比	#CC0000 #0066FF #CCCCCC	#FFFFFF	area	中国红色美国蓝色	交叉点标注	面积	思源黑体 16/12	标题→面积→交叉→趋势	第一财经 面积 PMI 中美
175	澎湃新闻	散点图+回归	房价收入相关性	社会议题	#333333 #CC0000 #999999	#FFFFFF	circle	异常城市红色	回归线+城市名	散点	思源宋体 14/12	标题→散点→回归→异常	澎湃 散点 房价 收入
176	界面新闻	堆叠柱	消费支出结构变化	消费趋势	#0066FF #FF6600 #00CC66 #CC0000	#FFFFFF	rect	最大支出蓝色	段标类别+占比	堆叠柱	思源黑体 14/12	标题→堆叠→最大→变化	界面 堆叠 消费 结构
177	亿欧	矩阵图	AI企业技术成熟度	产业定位	#0066FF #00CC66 #FF6600 #CC0000	#FFFFFF	rect	领先者蓝色	格子标企业	矩阵	思源黑体 12/10	标题→矩阵→领先→追随	亿欧 矩阵 AI 成熟度
178	IDC	堆叠面积图	云服务市场份额变化	市场趋势	#0066CC #6BAED6 #9ECAE1 #CCCCCC	#FFFFFF	area	最大份额深蓝	拐点标事件	堆叠面积	Helvetica 14/11	标题→堆叠→份额→趋势	IDC 堆叠 云 份额
179	Forrester	雷达图	技术平台能力评估	平台对比	#0066CC #CC0000 #666666	#FFFFFF	polygon	领先者蓝色	顶点标维度+分	雷达	Helvetica 14/11	标题→雷达→领先→差距	Forrester 雷达 平台 评估
180	Gartner	魔力象限+趋势	技术成熟度曲线	技术定位	#43A047 #1E88E5 #FFB300 #E53935	#FAFAFA	circle	领导者绿色	气泡标企业	魔力象限	Helvetica 14/11	标题→象限→领导者→趋势	Gartner 魔力 成熟度 趋势
181	MIT Tech Review	时间线+技术	AI技术演进里程碑	技术历史	#CC0000 #000000 #666666	#FFFFFF	line	里程碑红色	节点标技术+年份	时间线	Helvetica 14/11	标题→起点→里程碑→现在	MIT 时间线 AI 技术
182	Stanford HAI	气泡图	AI投资领域分布	投资热点	#CC0000 #000000 #CCCCCC	#FFFFFF	circle	最大投资红色	气泡标领域+金额	气泡	Helvetica 14/11	标题→气泡→最大→尾部	Stanford 气泡 AI 投资
183	麦肯锡中国	金字塔	消费升级三层结构	消费分层	#001A3A #003366 #0066FF	#FFFFFF	rect	顶层饱和深蓝	层标人群+占比	金字塔	Helvetica 16/11	标题→塔尖→塔身→塔底	麦肯锡 金字塔 消费 分层
184	BCG中国	桑基图	产业数字化转型流向	产业转型	#0A1B3B #1E88E5 #43A047	#FFFFFF	flow	最大流蓝色	流上标占比	桑基	Helvetica 14/11	标题→桑基→最大流→去向	BCG 桑基 数字化 转型
185	Bain中国	瀑布图	消费增长驱动因素	消费归因	#009933 #CC0000 #003366	#FFFFFF	rect	最大贡献绿色	柱标驱动+金额	瀑布	Helvetica 14/11	标题→消费→驱动→分解	Bain 瀑布 消费 归因
186	罗兰贝格	雷达图	城市竞争力六维评估	城市对比	#003366 #0066FF #CCCCCC	#FFFFFF	polygon	最强维度蓝色	顶点标维度	雷达	Helvetica 14/11	标题→雷达→最强→差距	罗兰贝格 雷达 城市 竞争力
187	德勤中国	堆叠柱	数字经济构成占比	产业构成	#86BC25 #000000 #58595B	#FFFFFF	rect	最大构成绿色	段标类别+占比	堆叠柱	Helvetica 14/11	标题→堆叠→最大→变化	德勤 堆叠 数字经济 构成
188	普华永道	子弹图+多指标	ESG指标vs目标	ESG评估	#E87722 #58595B #000000	#FFFFFF	bar	实际橙色	目标线	子弹	Helvetica 14/11	标题→子弹→实际→目标	PwC 子弹 ESG 目标
189	安永	2x2矩阵	转型紧迫度vs准备度	转型定位	#003087 #58595B #86BC25	#FFFFFF	circle	高紧迫蓝色	气泡标企业	矩阵	Helvetica 14/11	标题→象限→紧迫→行动	EY 矩阵 转型 定位
190	毕马威	热力图	风险事件频率分布	风险密度	#003087 #58595B #86BC25	#FFFFFF	rect	高频红色	格子标事件+频率	热力	KPMG Sans 12/10	标题→热力→高频→低频	KPMG 热力 风险 频率
191	中金公司	折线图+预测	股市估值趋势+预测区间	金融预测	#CC0000 #999999 rgba(204,0,0,0.2)	#FFFFFF	line	实际红色预测半透明	预测区间标注	折线	思源黑体 16/12	标题→折线→实际→预测	中金 折线 预测 估值
192	华泰证券	瀑布图	利润表桥接分析	利润拆解	#CC0000 #0066FF #333333	#FFFFFF	rect	正贡献红色负蓝色	柱标科目+金额	瀑布	思源黑体 14/11	标题→起点→科目→终点	华泰 瀑布 利润 桥接
193	招商证券	散点+象限	股票风险收益定位	选股定位	#CC0000 #0066FF #999999	#FFFFFF	circle	高收益低险红色	象限标策略	散点	思源黑体 14/11	标题→象限→优选→回避	招商 散点 股票 选股
194	广发证券	面积图	行业估值历史分位	历史位置	#CC0000 #0066FF #CCCCCC	#FFFFFF	area	当前分位红色	历史均值线	面积	思源黑体 14/12	标题→面积→当前→历史	广发 面积 估值 历史
195	海通证券	对比表	同业公司指标对比	横向对比	#CC0000 #0066FF #333333	#FFFFFF	rect	最优红色	底部标结论	对比表	思源黑体 14/11	标题→表格→最优→结论	海通 对比 同业 横向
196	CICC	桑基图	资金流向行业分布	资金配置	#CC0000 #0066FF #999999	#FFFFFF	flow	最大流红色	流上标金额	桑基	思源黑体 14/11	标题→来源→最大流→行业	CICC 桑基 资金 行业
197	中信证券	雷达图	行业景气度多维评估	景气评估	#CC0000 #0066FF #999999	#FFFFFF	polygon	最景气红色	顶点标指标	雷达	思源黑体 14/11	标题→雷达→最景气→底部	中信 雷达 景气 多维
198	国泰君安	甘特图	重大政策时间排期	政策时间	#CC0000 #0066FF #999999	#FFFFFF	bar	已落地红色	条标政策名	甘特	思源黑体 12/10	标题→时间轴→已落→待出	国君 甘特 政策 时间
199	申万宏源	矩阵表	行业配置建议	配置建议	#CC0000 #0066FF #999999	#FFFFFF	rect	超配红色	格子标评级	矩阵	思源黑体 12/10	标题→矩阵→超配→低配	申万 矩阵 行业 配置
200	天风证券	趋势+拐点	产业周期拐点	拐点识别	#CC0000 #0066FF #999999	#FFFFFF	line	拐点红色	拐点标产业事件	趋势	思源黑体 16/12	标题→趋势→拐点→判断	天风 趋势 拐点 产业
201	麦肯锡《Global Supply Chain Resilience》	热力图	全球供应链中断的热力传导地图	展示供应链冲击如何从局部蔓延至全球，制造紧迫感	#D32F2F	#FAFAFA	受冲击区域红色渐变加深，未受冲击区域灰度退隐 |	关键节点直接标注在地图上，传导路径用箭头+延迟天数 |	世界地图底图 + 热力叠加层 + 右侧冲击时间轴 |	无衬线、克制、数据感 |		热力图,麦肯锡《Global
202	麦肯锡《The Digital Transformation Payoff》	瀑布图	数字化转型投资回报的瀑布图	分解数字化转型总收益的构成来源	#00695C	#FFFFFF	正贡献主色实心，负贡献 #E57373，总计柱加粗 |	每根柱顶标注金额，关键转折点加注百分比 |	横向瀑布，左起点→中间分解→右终值 |	紧凑无衬线，数字加粗 |		瀑布图,麦肯锡《The Di
203	麦肯锡《The State of AI》	小多图	行业 AI 采纳成熟度的小多图矩阵	同时对比多行业 AI 成熟度，发现行业差异	#1565C0	#FFFFFF	领先行业填充更深，落后行业浅色+灰色边框 |	每个子图标题即行业名，顶部统一刻度轴 |	网格矩阵，每格一个行业，统一纵轴 |	微型标题、紧凑标签 |		小多图,麦肯锡《The St
204	麦肯锡《Consumer Sentiment Survey》	坡度图	消费者支出的坡度图	展示各品类支出意愿在疫情前后的变化方向	#C62828	#FAFAFA	上升线绿色，下降线红色，幅度越大线越粗 |	左右两端标注品类名和数值，线中间不标注 |	双纵轴坡度图，左"之前"右"之后" |	干净无衬线，数值右对齐 |		坡度图,麦肯锡《Consum
205	麦肯锡《Organizational Health Index》	雷达图	企业组织效能的雷达图对比	展示企业在多个组织健康维度上相对行业基准的表现	#0D47A1	#FFFFFF	企业轮廓深蓝填充半透明，行业基准灰色虚线 |	每个轴末端标注维度名，内部标注百分位 |	标准六轴雷达，双层叠加(企业 vs 基准) |	轻量无衬线，轴标签紧凑 |		雷达图,麦肯锡《Organi
206	麦肯锡《Solving the Productivity Puzzle》	子弹图	生产力悖论的子弹图仪表盘	对比各行业实际生产力 vs 目标值的达成情况	#37474F	#FFFFFF	实际值深色条，目标值红色竖线标记，区间用灰度层次 |	行业名左侧，达成率右侧百分比 |	水平子弹图排列，三层灰度背景带 |	紧凑表格感，数字等宽 |		子弹图,麦肯锡《Solvin
207	麦肯锡《Climate Risk and the Path to Net Zero》	折线图(分面)	气候转型路径的分面折线图	展示不同温升情景下的多指标演变路径	#1B5E20	#FFFFFF	1.5°C路径绿色粗线，>3°C路径橙色虚线，区间填充半透明 |	关键年份(2030/2050)垂直参考线，终点标注温度值 |	共享x轴的多面板，纵向堆叠 |	学术感，细线衬线+无衬线混搭 |	DNA维度 | 值 |	折线图(分面),麦肯锡《Climat
208	麦肯锡《Merger Management Practice》	桑基图	并购价值创造的桑基图	展示并购交易金额如何分配到各价值创造/损毁环节	#1565C0	#FAFAFA	价值创造蓝色流，价值损毁红色流，流量宽度编码金额 |	节点标注类别名，流上标注金额和占比 |	左→右流向，左总量→中间分配→右归总 |	中性无衬线，流标签字号随宽度缩放 |		桑基图,麦肯锡《Merger
209	麦肯锡《The Future of Work After COVID-19》	柱状图(横向)	人才技能差距的横向柱状图	排名展示各技能类别的供需缺口大小	#4527A0	#FFFFFF	缺口最大的前三项深紫色，其余浅紫 |	柱末端标注缺口百分比，左侧技能名 |	降序排列横向柱，顶部标题+副标题 |	干净无衬线，技能名左对齐 |		柱状图(横向),麦肯锡《The Fu
210	麦肯锡《Risk-Resilient Supply Chains》	双层饼图	供应链韧性的双层饼图	展示供应链风险类型分布及各类型下的子因素构成	#00838F	#FFFFFF	内环大类用深色，外环子类用同色系浅色 |	内环中心标注总数，外环引线标注子类名 |	内环(大类)+外环(子类)，中心留空放总数 |	引线标签无衬线小字 |		双层饼图,麦肯锡《Risk-R
211	麦肯锡《Operations Excellence Diagnostic》	气泡图	运营效率的散点+气泡矩阵	在效率-成本二维空间中定位各业务单元，气泡大小编码收入规模	#6A1B9A	#FAFAFA	高效低成本的"明星单元"用主色深色，其余渐浅 |	明星单元直接标注名称，其他用序号索引到脚注 |	四象限散点+气泡，对角虚线区分优劣区 |	标注小号无衬线，轴标签中等 |		气泡图,麦肯锡《Operat
212	麦肯锡《Digital Strategy》	堆叠面积图	数字化转型阶段的堆叠面积图	展示各数字化阶段企业数量随时间的变化和结构演变	#0D47A1	#FFFFFF	"领先者"层用最深色，"观望者"用最浅色 |	右侧每层末端标注阶段名和占比 |	时间轴x轴，百分比y轴，层叠至100% |	右侧标签中等字号 |		堆叠面积图,麦肯锡《Digita
213	麦肯锡《Consumer Decision Journey》	漏斗图	客户旅程的漏斗图	展示从品牌认知到最终购买的客户流失过程	#00695C	#FFFFFF	顶部深色，底部渐浅，关键流失点用红色箭头标注 |	每层标注阶段名+人数，层间标注转化率 |	居中漏斗，左右对称收缩，层间间隙 |	阶段名无衬线加粗，转化率小号斜体 |		漏斗图,麦肯锡《Consum
214	麦肯锡《Strategic Priorities Survey》	热力图(矩阵)	战略优先级的矩阵热力图	展示不同战略维度在各行业的优先级分布	#B71C1C	#FFFFFF	高优先级红色，低优先级绿色，中间黄色 |	每格标注数值，行列标注维度名 |	行x列网格，排序按优先级均值降序 |	格内数字小号加粗，行列标签中等 |		热力图(矩阵),麦肯锡《Strate
215	麦肯锡《Capital Allocation》	棒棒糖图	资本配置效率的棒棒糖图	排名展示各业务单元的资本回报率	#283593	#FAFAFA	高于资本成本的深色圆点+粗杆，低于的用灰色虚线杆 |	圆点右侧标注ROIC数值，左侧业务名 |	水平棒棒糖，从基线延伸，降序排列 |	无衬线，数值右对齐 |		棒棒糖图,麦肯锡《Capita
216	贝恩《NPS Industry Benchmarks》	蝴蝶图	客户忠诚度的蝴蝶图	对比推荐者与贬损者在各维度的评分差异	#2E7D32	#FFFFFF	左右对称展开，绿色向左，红色向右 |	中轴线标注维度名，柱端标注分值 |	居中分类轴，左右双向柱，对称排列 |	维度名居中加粗，分值外端 |		蝴蝶图,贝恩《NPS Ind
217	贝恩《Profit Pool Dynamics》	河流图	利润池演变的河流图	展示行业利润池中各细分板块的份额随时间的流动变化	#4A148C	#FFFFFF	利润增长板块用深色，萎缩板块用浅色 |	板块名标注在最大宽度处，用引线标注变点 |	对称河流，中心线居中，时间轴底部 |	流线内嵌标签，随形弯曲 |		河流图,贝恩《Profit 
218	贝恩(BCG Matrix变体)	气泡散点图	增长-份额矩阵的气泡散点	在增长率-市场份额空间定位各业务线，气泡=收入	#E65100	#FAFAFA	"明星"象限气泡深橙色，其余渐浅 |	每个气泡内标注业务缩写，右上象限加阴影底 |	经典四象限，中心十字分割，象限角标命名 |	气泡内小号加粗，象限名大号淡色 |		气泡散点图,贝恩(BCG Mat
219	贝恩《Cost Transformation》	瀑布图	成本结构的瀑布桥图	从当前成本结构到目标成本，逐步展示每项优化措施的影响	#004D40	#FFFFFF	节省项向下绿色，投资项向上蓝色，起止柱加粗 |	每步标注措施名+金额，底部标注累计节省 |	横向瀑布，从左"当前"到右"目标" |	措施名紧凑，金额加粗 |		瀑布图,贝恩《Cost Tr
220	贝恩《Talent Strategy》	弦图	人才流动的弦图	展示不同职能/部门之间的人才流动方向和规模		#1A1A2E	流量最大的弦最粗、颜色最饱和 |	外环弧段标注部门名，弧长编码人数 |	圆形弦图，外环弧段+内弦连接 |	外环标签沿弧排列，小号无衬线 |		弦图,贝恩《Talent 
221	BCG《Market Entry Strategy》	决策树	市场进入策略的决策树	展示市场进入的决策路径和每个分支的预期收益	#006064	#FFFFFF	最优路径用深色加粗线，其他路径灰色细线 |	节点标注决策点，末端标注预期NPV |	从左到右展开，每层一个决策维度 |	节点加粗，分支条件小号斜体 |		决策树,BCG《Market
222	BCG《Value Creation Framework》	帕累托图	价值创造杠杆的帕累托图	展示哪些价值创造杠杆贡献了80%的效果	#1A237E	#FFFFFF	前20%杠杆深蓝色，其余浅蓝；累计线在80%处标注 |	柱顶标注贡献值，累计线标注百分比 |	柱降序排列 + 右轴累计百分比线 |	无衬线，柱标签紧凑 |		帕累托图,BCG《Value 
223	BCG《Competitive Strategy》	散点图(带标注)	竞争格局的战略群组图	在价格-质量二维空间定位竞争对手，识别战略空白区	#311B92	#FAFAFA	客户企业用大圆+边框突出，竞品用小圆 |	每个点标注品牌名，空白区用虚线框标注"机会区" |	二维散点，四象限+对角参考线 |	品牌名无衬线，机会区标签斜体 |		散点图(带标注),BCG《Compet
224	BCG《Global Wealth Report》	树图	全球财富分布的树图	展示全球财富按地区和资产类别的构成	#1B5E20	#FFFFFF	矩形面积编码财富规模，颜色编码地区，色深编码增长速度 |	大矩形内嵌地区名+金额，小矩形仅缩写 |	递归矩形分割，两层(地区→资产类别) |	大矩形大号加粗，小矩形微型 |		树图,BCG《Global
225	BCG《Inflation Strategy》	时间线图	通胀传导的时间线图	展示通胀从上游原材料到终端消费品的价格传导时滞	#BF360C	#FFFFFF	传导链条用渐变红色，时滞用虚线间隔标注 |	每个节点标注品类和价格变化幅度 |	水平时间线，节点从左到右排列，间距编码时滞 |	节点标签紧凑无衬线 |		时间线图,BCG《Inflat
226	Financial Times	脊线图	全球利率走势的脊线图	展示不同国家/地区利率分布曲线随时间的演变	#FFF3E0	#FFFDE7	最新数据深色填充，历史数据浅色半透明 |	每条脊线左侧标注国家名，底部共享时间轴 |	多条密度曲线纵向错叠，制造"山脊"感 |	FT标志性衬线体(Maison Neue)，小号 |		脊线图,Financial 
227	Financial Times	水平条形图(变宽)	贫富差距的"蜡笔图"	展示各收入分位群体在总收入中的占比	#CC0000	#FFF1E0	FT粉红背景，高收入段用深色宽条 |	每段标注百分比和收入区间 |	垂直堆叠条，宽度编码份额 |	FT衬线体，标签居中 |		水平条形图(变宽),Financial 
228	Financial Times	蝴蝶图	选举摇摆州的蝴蝶图	展示两党在各摇摆州的支持率差距	#1565C0	#FFF1E0	领先方的柱延伸更长，差距越大越长 |	中轴州名，柱端标注领先百分点 |	水平双向柱，中轴标注 |	FT衬线，州名加粗 |		蝴蝶图,Financial 
229	Financial Times	热力日历图	疫情扩散的动态热力日历	展示各国疫情每日新增随时间的爆发和消退	#FFFFFF	#1A1A1A	峰值周深红色，低谷白色，颜色即严重程度 |	左侧国家名，底部月份 |	行=国家，列=日期，格=日新增数 |	微型无衬线，暗色底亮色字 |		热力日历图,Financial 
230	Financial Times	区间折线图	利率走廊的区间折线图	展示利率预测区间的中心值和不确定性范围	#333333	#FFF1E0	中心线深色实线，区间用灰色半透明带 |	关键转折点标注事件(如"加息")，区间末端标注宽幅 |	时间轴+中心线+上下包络 |	FT衬线，事件标注斜体 |		区间折线图,Financial 
231	Financial Times	面积图	产业结构变迁的面积图	展示各国GDP中农业/工业/服务业占比的结构演变	#2196F3	#FFF1E0	服务业层最上方用主色，农业层底部用暖色 |	面积内标注部门名，右端标注当前占比 |	堆叠面积，x轴年份，y轴百分比 |	FT衬线，层内标签适中 |		面积图,Financial 
232	Financial Times	洛伦兹曲线	不平等程度的洛伦兹曲线叠加	展示多国收入分配的不平等程度	#0D47A1	#FFF1E0	完全平等对角线灰色虚线，各国曲线用不同深浅蓝色 |	曲线末端标注国名，对角线标注"Gini=0" |	正方形画布，对角线+弯曲曲线 |	FT衬线，国名小号 |		洛伦兹曲线,Financial 
233	Financial Times	分叉折线图	气候温升预言的分叉折线图	展示不同排放情景下的全球温升路径	#1B5E20	#FFF1E0	当前路径用粗实线，其他情景用不同虚线 |	分叉点标注"现在"，末端标注温升幅度 |	历史数据实线 → 未来多条虚线扇形展开 |	FT衬线，温升标签加粗 |	DNA维度 | 值 |	分叉折线图,Financial 
234	Financial Times	分面柱状图	英国房价热力的分面柱状图	展示不同地区房价涨幅的年度对比	#CC0000	#FFF1E0	正增长红色柱向上，负增长浅色柱向下 |	共享y轴，每面板标注地区名 |	网格分面，每面板一个地区，共享坐标轴 |	FT衬线，面板标题中等 |		分面柱状图,Financial 
235	The Economist	弧形地图	全球贸易网络的弧形地图	展示全球主要贸易路线和流量	#E00025	#F0F0F0	最大贸易流用红色粗弧线，次要流蓝色细弧 |	弧线中段标注贸易额，国家标注在点位置 |	世界地图底图 + 弧线叠加 + 流量图例 |	Economist衬线体，小号紧凑 |		弧形地图,The Econom
236	The Economist	棒棒糖图	生活成本指数的排行棒棒糖	排名展示全球城市生活成本指数	#E00025	#FFFFFF	前三名红色圆点，其余灰色，平均线水平虚线 |	圆点旁标注城市名+指数 |	垂直棒棒糖，降序排列 |	Economist衬线，城市名斜体 |		棒棒糖图,The Econom
237	The Economist	折线图(多系列)	债务占 GDP 比的马拉松折线图	展示多国政府债务水平的长期趋势		#FFFFFF	讨论中的国家用彩色粗线，其余灰色细线 |	线末端标注国名，关键事件用垂直标注条 |	标准折线，末端标签替代图例 |	Economist衬线，末端标签加粗 |		折线图(多系列),The Econom
238	The Economist	小多图	AI 竞赛的小多图矩阵	横向对比各国在AI投资/人才/论文/专利等维度的表现	#E00025	#FFFFFF	领先国红色条，其他国家蓝色 |	每面板标题=维度名，内部标注排名 |	网格小多图，每面板一个维度，条形降序 |	Economist衬线，面板标题加粗 |		小多图,The Econom
239	The Economist	桑基图	能源转型的桑基图	展示能源从源头到最终用途的流动和损耗		#FFFFFF	可再生流绿色，化石流棕色，废弃/损耗灰色流 |	节点标注能源类型，流上标注EJ(艾焦) |	左源头→中转换→右用途，底部废弃流 |	Economist衬线，流标签微型 |		桑基图,The Econom
240	The Economist	人口金字塔	人口金字塔的动态对比	展示某国人口的年龄-性别结构	#E00025	#FFFFFF	中轴线标注年龄，左右对称展开 |	左侧男性，右侧女性，底部年份，中轴年龄 |	水平双向柱，中轴=年龄，底部=人口数 |	Economist衬线，年龄标注居中 |		人口金字塔,The Econom
241	NYT	编码地图	美国选举结果的编码地图	用等面积方块展示各州选举结果，避免地理面积偏差	#2166AC	#FFFFFF	胜选方颜色填充整个方块，摇摆州用渐变色 |	每方块标注州名缩写，颜色即结果 |	5x10网格，每格=一州，位置近似地理 |	无衬线，州缩写居中加粗 |		编码地图,NYT
242	NYT	台阶折线图	种族财富差距的台阶图	展示不同种族家庭中位财富的长期差距	#1A1A1A	#FFFFFF	白人家庭用粗黑线，其他种族灰色细线，差距区域填充 |	线末端标注种族和金额，差距区域标注倍数 |	时间轴折线，末端标签，间差填充 |	NYT英文衬线(Cheltenham)，金额加粗 |		台阶折线图,NYT
243	NYT / NYT Upshot	条带热力图	极端天气频率的条带热力图	展示某地区气温异常值随年份的变化趋势	#08306B		无标注，纯色条带，左侧最早年份，右侧最新 |	仅左右两端标注年份，中间无任何文字 |	水平条带紧密排列，每条=一年 |	极简，仅端点年份 |		条带热力图,NYT / NYT 
244	NYT	折线图(带密集注释)	COVID 死亡率的注释折线图	展示美国新冠死亡率曲线，并用注释连接关键事件	#333333	#FFFFFF	折线黑色粗线，波峰处标注关键事件 |	垂直引线连接事件名到对应数据点，密集但有序 |	标准折线 + 顶部/底部注释条 |	NYT衬线，事件名小号斜体 |		折线图(带密集注释),NYT
245	NYT / Dustin Cable	点密度地图	种族隔离的点密度地图	用每个点代表一个人，展示城市的种族分布		#1A1A1A	点的颜色=种族，密度=人口密度，无额外高亮 |	极少标注，仅四角图例 |	全画布点阵，地图轮廓隐含在点的分布中 |	极简无衬线，图例小号 |		点密度地图,NYT / Dust
246	NYT	斜率图	失业率的斜率图对比	对比不同群体在经济衰退前后的失业率变化	#D32F2F	#FFFFFF	失业率上升的红线，下降的绿线，斜率越大线越粗 |	左右端标注群体名和数值 |	双时间点斜率图，左"衰退前"右"衰退后" |	NYT衬线，数值加粗 |		斜率图,NYT
247	WaPo	漏斗图(变体)	选举民调的漏斗变化图	展示选民的投票决策漏斗：注册→倾向→确定→投票	#1565C0	#FFFFFF	流失段用灰色，留存段深蓝色，每层标注人数 |	每层标注阶段名和人数，层间标注流失率 |	居中漏斗，水平排列 |	无衬线，阶段名加粗 |		漏斗图(变体),WaPo
248	WaPo	散点图(带标注)	枪支暴力的年代散点	展示大规模枪击事件的时间频率和伤亡规模	#B71C1C	#FAFAFA	伤亡越多点越大、颜色越深 |	重大事件标注事件名和日期 |	x轴时间，y轴伤亡数，气泡大小编码影响 |	无衬线，事件名斜体 |		散点图(带标注),WaPo
249	WaPo	差值柱状图	政策影响的差值柱状图	展示政策实施前后各指标的正负变化	#1565C0	#FFFFFF	正值蓝色向上，负值红色向下，零线加粗 |	柱端标注变化值，左侧标注指标名 |	水平双向柱，零线居中，按变化大小排序 |	无衬线，数值加粗 |		差值柱状图,WaPo
250	WaPo	等级符号地图	警察经费的等级符号地图	展示各城市警察经费占预算的比例	#0D47A1	#F5F5F5	圆的大小编码经费总额，颜色深浅编码占比 |	大城市标注城市名和百分比 |	地理底图 + 圆形符号叠加 |	无衬线，标注小号 |		等级符号地图,WaPo
251	Bloomberg	蜡烛图	市场波动的蜡烛图	展示金融资产的开盘/收盘/最高/最低价格走势	#00C853	#1A1A2E	涨实体绿色，跌实体红色，影线灰色 |	关键转折点标注事件，底部时间轴，右轴价格 |	时间轴蜡烛 + 底部成交量柱 |	等宽数字字体(Bloomberg Terminal风格)，荧光绿 |		蜡烛图,Bloomberg
252	Bloomberg	雷达图(多叠加)	行业 ESG 评级的雷达矩阵	对比同行业内多家公司的ESG分项得分		#FAFAFA	目标公司用主色实线粗边，竞品用虚线细边 |	每轴标注ESG维度名，叠加图例右上角 |	标准多轴雷达，2-4层叠加 |	无衬线，轴标签紧凑 |		雷达图(多叠加),Bloomberg
253	Bloomberg	仪表盘组合	宏观指标的仪表盘组合图	一页展示多个宏观经济指标的当前值、趋势和状态	#00E676	#1A1A2E	仪表盘指针颜色=状态，迷你折线=趋势 |	中心大号当前值，底部指标名，右上变化方向箭头 |	网格卡片，每卡片一个指标 |	荧光数字，等宽 |		仪表盘组合,Bloomberg
254	Bloomberg	甘特图	供应链的甘特图	展示半导体供应链各环节的产能规划和时间线	#0D47A1	#FFFFFF	当前阶段深色，未来阶段浅色，延误用红色条叠加 |	左侧标注环节名，条内标注产能数字 |	水平时间轴，纵向多环节条形 |	无衬线，条内标签小号 |		甘特图,Bloomberg
255	Gapminder / Hans Rosling	气泡散点图(动态)	人类发展指数的散点气泡图	展示各国人均收入、预期寿命和人口规模的关系		#FFFDE7	气泡大小=人口，颜色=大洲，可动画播放时间演变 |	大国标注国名，小国悬停显示 |	x轴人均收入(对数)，y轴预期寿命，气泡=人口 |	无衬线，轻松感 |		气泡散点图(动态),Gapminder 
256	NASA / Climate Central	条带热力图	全球气温异常的热力条	展示全球平均气温异常的年度变化	#08306B		纯色条带无标注，冷蓝到热红的渐变即叙事 |	仅首尾年份 |	水平条带紧密排列 |	极简 |		条带热力图,NASA / Cli
257	Nature	网络图(力导向)	科学合作网络的力导向图	展示科研领域之间的合作关系网络		#FFFFFF	节点大小=论文数，颜色=学科聚类，边粗=合作频率 |	大节点标注学科名，小节点无标注 |	力导向布局，节点+边，社区聚类自然分离 |	无衬线，学科名中等 |		网络图(力导向),Nature
258	Nature / IUCN	环形图	物种灭绝风险的环形图	展示不同物种类群的灭绝风险评估分布	#1B5E20	#FFFFFF	内环=大类群，外环=评估状态，颜色编码风险等级 |	扇区标注物种名和数量 |	双层环形，内→外层级展开 |	无衬线，扇区标签沿弧排列 |		环形图,Nature / I
259	Nature	热力矩阵	基因表达的热力矩阵	展示不同基因在不同条件下的表达水平	#2166AC	#FFFFFF	行列聚类重排，让相似模式相邻 |	行标注基因名，列标注条件名，色标尺在角落 |	行x列网格，聚类树状图在顶/左侧 |	微型无衬线，行列标签极小 |		热力矩阵,Nature
260	The Guardian	分级统计地图	全球识字率的分级统计地图	展示全球各国识字率的地域分布	#01579B	#E0E0E0	高识字率深蓝，低识字率浅蓝，无数据灰色 |	色标尺在底部，关键国家标注数值 |	世界地图底图，国家填充色 |	Guardian无衬线(Guardian Egyptian)，简洁 |		分级统计地图,The Guardi
261	The Guardian	竖琴图	收入不平等的竖琴图	展示不同国家收入分布的完整形态而非仅均值	#C62828	#FFFFFF	分布宽度=密度，中位数线白色 |	底部标注国家名，左侧标注收入刻度 |	水平排列的密度分布，对称展开 |	Guardian衬线，国家名紧凑 |		竖琴图,The Guardi
262	The Guardian	流线图	难民流动的方向流线图	展示难民的来源国和目的地国之间的流动	#FF6F00	#ECEFF1	流量越大的线越粗、越深色 |	来源国和目的地国标注国名和人数 |	地图底图 + 弧形流线 |	无衬线，国名中等 |		流线图,The Guardi
263	The Guardian	分面直方图	城市噪音的分面直方图	对比不同城市在不同时段的噪音水平分布	#5D4037	#FFFFFF	峰值柱深色，其余浅色，超过65dB的柱用红色叠边 |	每面板标注城市名，x轴标注分贝 |	网格分面，每面板一座城市 |	Guardian衬线，面板标题加粗 |		分面直方图,The Guardi
264	OECD / WHO	平行坐标图	健康指标的平行坐标图	展示多国在多个健康指标上的综合表现		#FFFFFF	高亮国家的线条加粗，其他灰色半透明 |	每条纵轴标注指标名和刻度，线末端可标注国名 |	等距平行纵轴，折线连接各轴上的值 |	无衬线，轴标签紧凑 |		平行坐标图,OECD / WHO
265	各类政府/企业年报	旭日图	预算分配的旭日图	展示预算从大类到子类的层级分配结构		#FFFFFF	悬停子弧高亮，其余变暗 |	大弧标注类别名+金额，小弧仅标注缩写 |	同心环，内环大类，外环子类，中心留空 |	无衬线，弧标签沿弧排列 |		旭日图,各类政府/企业年报
266	ProPublica《Machine Bias》(2016)	散点图 + 分组对比	ProPublica — Machine Bias：算法风险评估的种族偏差散点图	揭示 COMPAS 算法对黑人被告的"高误报率"——同等再犯风险下，黑人被标记为高风险的概率远高于白人			黑人高风险误判点用红色实心 #e94560，白人低风险正确分类点用蓝灰 #90A4AE，两组叠加在同一坐标系中	右上角标注"黑人被错误标记为高风险"，左下角标注"白人被错误标记为低风险"，中间放决策边界线	单坐标系散点图，X轴=实际再犯风险，Y轴=算法评分，决策边界斜线将空间分为四个象限	Sans-serif（Source Sans Pro），标题 22px 加粗，轴标签 11px，标注文字 13px	第一眼→红色点群集中在右上 → 第二眼→决策边界两侧的红蓝不对称分布 → 最终理解→同样犯错，黑人更容易被"高估风险"	散点图 + 分组对比,ProPublica
267	ProPublica《The Worst Penny》(2019)	累计瀑布图 + 时间轴	ProPublica — The Worst Penny：美国最差硬币的累计损失瀑布图	追踪一枚便士从铸造到退市的全部成本，揭示"造币成本 > 面值"的荒谬累积过程			铸造成本段用深蓝实心 #16213e，物流/分发成本用浅蓝 #5C8BC4，亏损累计用红色 #e94560 加粗柱	每段顶部标注美元金额，关键转折点（总成本超过面值处）用红色三角标记+文字说明	横向瀑布图，左起铸造成本，中间依次叠加分发/流通/回收成本，右侧总计	Sans-serif，阶段名 12px 加粗，金额 14px 等宽字体	第一眼→红色总计柱远高于面值线 → 第二眼→哪个成本段最"胖" → 最终理解→铸造成本本身已超过1美分	累计瀑布图 + 时间轴,ProPublica
268	ProPublica / ProPublica Election Data	蜂群图（Beeswarm）	ProPublica — Election Storm：选举夜实时结果的蜂群图	展示全美各郡选举结果的空间分布——不是红蓝两极，而是一个连续的渐变谱，中间地带比想象中大			每个点按投票倾向从蓝 #4A90D9 渐变到红 #e94560，摇摆郡用白色描边标注	关键郡名标注在对应点旁，底部放刻度轴（D+30 → R+30）	水平轴为投票倾向刻度，点沿垂直方向紧凑排列避免重叠，形成有机的"蜂群"形态	Sans-serif（Inter），郡名标注 9px，轴标签 12px，标题 24px	第一眼→中间密集的紫色调"蜂群" → 第二眼→两侧蓝红的极端点 → 最终理解→美国政治版图远非两极对立	蜂群图（Beeswarm）,ProPublica
269	ProPublica / Gapminder Dollar Street 合作	分面小多图（Small Multiples）	ProPublica — Dollar Street：全球家庭收入的分面小多图	按月收入从1美元到500美元排列全球家庭照片，让读者"走"过收入阶梯，看见生活水平是渐变而非断裂的			每个收入档用一张代表性照片作为子图内容，选中的当前档用蓝色边框 #1565C0 标注	每张子图下方标注月收入数值和国家名，顶部统一横轴标注收入范围	网格矩阵，每格一张家庭照片+标注，按收入从左到右、从上到下递增排列	Sans-serif，收入数值 14px 加粗，国家名 11px 常规	第一眼→最穷和最富两张照片的对比 → 第二眼→中间档的渐变过渡 → 最终理解→收入的每一美元都在改变生活形态	分面小多图（Small Mul,ProPublica
270	ProPublica Surgeon Scorecard	热力矩阵（Heatmap Matrix）	ProPublica — 医疗调查：医院手术风险的热力矩阵	按医院×手术类型交叉展示并发症率，让读者一眼找到"哪家医院的哪种手术风险异常高"			并发症率用红绿渐变填充单元格，超过预期阈值的单元格用粗红色边框+三角警示标记	行头=医院名，列头=手术类型，异常单元格内标注具体百分比，右侧放图例	行×列矩阵，单元格用颜色编码风险等级，右侧图例条	Sans-serif，医院名 10px，百分比 11px 等宽加粗，列头 12px	第一眼→红色集中区域 → 第二眼→哪行（哪家医院）红色最多 → 最终理解→特定医院在特定手术上的系统性风险	热力矩阵（Heatmap Ma,ProPublica
271	ProPublica《Trump Inc.》系列调查	桑基图	ProPublica — Trump Inc.：利益冲突的桑基图	追踪从政府决策到特朗普集团商业利益的资金流向，让"利益冲突"从抽象概念变成可见的资金链条			确认的资金流向用红色 #e94560 实心粗线，疑似流向用虚线半透明，无关流向灰色	节点标注机构名+金额，流线上标注资金性质（税金/会员费/租金），关键汇合点放大标注	左侧政府/公共资金源，中间政策/决策节点，右侧特朗普集团商业实体	Sans-serif，节点名 12px 加粗，流线标注 10px，金额 13px 等宽	第一眼→左侧公共资金 → 第二眼→红色流线汇入右侧商业实体 → 最终理解→政策决策与商业利益的交织网络	桑基图,ProPublica
272	ProPublica 民事资产没收调查	点密度地图	ProPublica — 民事资产没收：警察扣押金额的点密度地图	展示美国各地警察通过民事资产没收扣押的财产规模——每个点代表一个案例，密度即强度			每个案例用红色半透明圆点表示，叠加后颜色加深代表该区域扣押案例密度；高金额案例用更大半径的实心点	城市名标注在点群中心，右上角放总金额统计面板，底部放年度时间轴迷你图	全幅美国地图底图 + 点密度叠加 + 右上角统计面板 + 底部年度趋势	Sans-serif，城市标注 10px，统计数字 24px 加粗等宽，年度标签 9px	第一眼→深红色密集区域（扣押热区） → 第二眼→单个大点代表的高额案例 → 最终理解→扣押行为集中在特定州和特定路线	点密度地图,ProPublica
273	ProPublica《Poison in the Air》(2021)	日历热力图（Calendar Heatmap）	ProPublica — Poison in the Air：工业排放的时序热力图	以日历形式展示工业设施每日有毒排放量，让读者看到"不是偶尔超标，是天天在排"			排放量用白→红渐变编码每日数值，超标日用实心红色 #e94560，无数据日用灰色 #E0E0E0	左侧标注月份名，顶部标注星期，超标日悬停显示具体物质和浓度值	52列×7行的日历网格，每格一天，颜色编码排放量	Sans-serif，月份标签 11px，星期标签 9px，悬停详情 12px	第一眼→大片红色区域 → 第二眼→红色不是零星分布而是连续成片 → 最终理解→超标不是偶发事件，是日常	日历热力图（Calendar ,ProPublica
274	ProPublica 零工经济工人安全调查	层叠面积图（Stacked Area Chart）	ProPublica — 临时工工伤：零工经济伤害统计的层叠面积图	展示零工经济工人伤害报告的年度增长趋势，按伤害类型分层——"看不见的工人正在承担看得见的伤害"			三种伤害类型用暖色系区分（致死 #e94560、重伤 #FF7043、轻伤 #FFB74D），致命伤害层在底部用最深色	每层末端标注伤害类型+数量，增长加速区间用虚线框标注，右侧放同比增幅	横向时间轴，纵向层叠面积，底部=致死，顶部=轻伤	Sans-serif，年份 11px，层数标注 12px 加粗，增幅 13px 红色等宽	第一眼→整体面积的上升趋势 → 第二眼→底部红色层（致死）的增长斜率 → 最终理解→零工伤害在加速增长，且致死比例在上升	层叠面积图（Stacked A,ProPublica
275	ProPublica 刑事司法数据分析	箱线图（Box Plot）分组对比	ProPublica — 量刑差距：种族与刑期的箱线图对比	对比不同种族被告在相同罪名下的刑期分布，让系统性差距从分布形态上变得可见			黑人被告箱体用红色 #e94560 填充，白人被告用蓝色 #5C8BC4，亚裔/拉丁裔用灰色 #90A4AE	每组箱体下方标注种族名，中位数线用白色标注具体月数，异常值点标注案例细节	分组箱线图，X轴=罪名类型，Y轴=刑期月数，同一罪名下并列不同种族的箱体	Sans-serif，罪名标签 11px，月数 12px 等宽，标题 20px 加粗	第一眼→同组中红箱（黑人）明显高于蓝箱（白人） → 第二眼→异常值点的极端刑期 → 最终理解→同等罪名下种族间的系统性刑期差异	箱线图（Box Plot）分组,ProPublica
276	ProPublica Nursing Home Inspect	雷达图 + 地图联动	ProPublica — Nursing Home Inspect：养老院质量评级的雷达图+地图联动	让读者先在地图上找到附近养老院，再看该院在 staffing/health inspection/quality 等维度的雷达图——"你家附近的养老院到底行不行"			低于全国平均的维度用红色填充，高于平均用绿色，选中养老院在地图上用红色脉冲圆标记	雷达图每个顶点标注维度名+评分，地图上标注养老院名称	左侧地图（可交互选点），右侧雷达图（动态响应选中养老院）	Sans-serif，维度名 11px，评分 13px 加粗，养老院名 14px	第一眼→地图上的红色脉冲点 → 第二眼→右侧雷达图的红色凹陷区域 → 最终理解→这家养老院在哪些维度不达标	雷达图 + 地图联动,ProPublica
277	ProPublica 临时工中介剥削调查	分面条形图（Faceted Bar Chart）	ProPublica — 临时工中介：工人薪资抽成的分面条形图	按行业分面展示临时工时薪与正式工时薪的差距——"同一份工作，两种价格"			正式工时薪用深蓝实心柱，临时工实发时薪用红色柱，两者并列形成"差距对"	每对柱顶标注时薪差额和百分比，分面标题即行业名	多行分面，每面一个行业，面内双柱对比（正式vs临时），统一纵轴刻度	Sans-serif，行业名 13px 加粗，时薪 12px 等宽，差额百分比 14px 红色加粗	第一眼→找自己所在行业的分面 → 第二眼→红蓝柱的高度差 → 最终理解→临时工被抽成的比例在不同行业有多严重	分面条形图（Faceted B,ProPublica
278	ProPublica 算法公平性调查	重叠直方图（Overlapping Histogram）	ProPublica — 信用评分偏见：算法评分分布的重叠直方图	展示不同种族群体的信用评分分布——分布高度重合，但算法在相同分数段给出截然不同的待遇			黑人群体用半透明红色 #e94560 填充，白人群体用半透明蓝色 #5C8BC4，重叠区域自然混色	底部放评分刻度轴，两侧标注群体名+样本量，关键分数段（如620-680）用矩形框标注"算法决策区"	单坐标系重叠直方图，X轴=信用评分，Y轴=频数密度	Sans-serif，刻度标签 10px，群体标注 13px 加粗，矩形框内说明 11px	第一眼→两个分布的高度重叠 → 第二眼→重叠区内算法仍然区分对待 → 最终理解→分布几乎一样，歧视不在数据在算法	重叠直方图（Overlappi,ProPublica
279	ProPublica 消防员健康调查	水平条形排行图（Ranked Bar Chart）	ProPublica — 消防员癌症：职业暴露风险的条形排行图	按癌症类型排行展示消防员相对普通人群的癌症发病风险倍数——"这不是偶然，是系统性职业危害"			所有条形用红色 #e94560 实心填充，风险倍数最高的（如间皮瘤）用最深色加粗边框	条形末端标注具体风险倍数（如"2.3x"），左侧标注癌症类型名，顶部标注"普通人群=1.0x"的参考线	水平条形图，按风险倍数从高到低排列，顶部参考线	Sans-serif，癌症名 12px，倍数 14px 加粗等宽，参考线标注 11px	第一眼→最长的条形（最高风险癌症） → 第二眼→几乎所有条形都超过参考线 → 最终理解→消防员在多种癌症上的系统性高风险	水平条形排行图（Ranked ,ProPublica
280	ProPublica 医疗保险拒赔调查	梯度色块矩阵（Choropleth Matrix / Tile Grid）	ProPublica — 保险拒赔：医疗理赔被拒率的梯度色块矩阵	按保险公司×疾病类型展示理赔被拒率——揭示"哪家保险公司在哪种病上最可能拒赔"			拒赔率用白→深蓝渐变填充，高于行业平均的单元格用红色边框 #e94560，最高拒赔率单元格内文字变白	行头=保险公司名，列头=疾病类型，单元格内标注具体百分比	行×列色块矩阵，底部放渐变图例条，右上角放行业平均参考值	Sans-serif，百分比 11px 加粗等宽，公司名 10px，疾病名 10px 旋转45度	第一眼→最深的色块 → 第二眼→哪一行（哪家公司）颜色普遍更深 → 最终理解→拒赔不是随机事件，某些公司在某些病种上系统性拒赔	梯度色块矩阵（Chorople,ProPublica
281	FiveThirtyEight 2020 Presidential Election Forecast	区间概率图（Probability Range / Fan Chart）	FiveThirtyEight — 2020 选举预测：概率分布的区间图	展示选举结果的概率分布而非单一预测值——"不是谁赢，是赢多少的概率分布"			民主党胜率区间用橙色 #ff7e22 半透明填充，共和党用粉红 #f9547a，最可能结果区间用实心色	中位数线标注具体选举人票数，80%和95%置信区间边界用虚线标注，底部标注关键摇摆州	横向区间图，X轴=选举人票数，Y轴=概率密度，中间270票线用粗线标注	Sans-serif（Din/Fira Sans），选举人票数 14px 等宽加粗，区间标签 11px	第一眼→270票分界线 → 第二眼→哪个颜色的区间跨越了270线 → 最终理解→不是"谁赢"，是"赢的概率区间有多宽"	区间概率图（Probabili,FiveThirty
282	FiveThirtyEight Pollster Ratings	蜜蜂群图（Beeswarm Plot）	FiveThirtyEight — 民意调查可靠性：蜜蜂群图	展示各民调机构的预测误差分布——"不是所有民调都一样可靠"，让读者看到哪家准、哪家偏			评级A+的机构用橙色实心大点 #ff7e22，C级机构用灰色小点，误差大的用红色描边 #f9547a	右侧标注机构名+评级字母，底部放误差刻度轴，离群点标注具体选举年份和误差值	水平蜜蜂群图，X轴=预测误差（A+→C），点沿垂直方向散开避免重叠	Sans-serif，机构名 10px，评级 12px 加粗，误差值 9px 等宽	第一眼→左侧密集的橙色点群（准确机构） → 第二眼→右侧散落的灰色/红色点（不准机构） → 最终理解→民调质量差距巨大，评级差异显著	蜜蜂群图（Beeswarm P,FiveThirty
283	FiveThirtyEight NBA Player Projections	四象限散点图	FiveThirtyEight — NBA 球员效率：散点+四象限矩阵	用进攻效率 vs 防守效率将球员分为四类：明星（右上）、进攻型（右下）、防守型（左上）、拖后腿（左下）			明星球员用橙色大点 #ff7e22 + 球员名标注，普通球员用灰色小点，联盟平均线用虚线十字分割四象限	联盟平均线标注具体数值，四个象限角标注象限名（明星/进攻型/防守型/拖后腿），关键球员标注姓名	散点图，X轴=防守效率，Y轴=进攻效率，虚线十字分割四象限	Sans-serif，球员名 9px，轴标签 11px，象限名 13px 加粗	第一眼→右上象限的橙色点 → 第二眼→自己关注的球员在哪个象限 → 最终理解→进攻和防守是两个独立维度，"好球员"的定义取决于你选哪个象限	四象限散点图,FiveThirty
284	FiveThirtyEight COVID-19 Forecast	带状区间图（Ribbon/Fan Chart）	FiveThirtyEight — COVID 模型：每日死亡预测的带状区间图	展示 COVID 每日死亡人数的多模型预测区间——"不同模型给出不同答案，真相大概率在中间"			所有模型预测的中位数用橙色实线 #ff7e22，模型间预测范围用粉红半透明带 #f9547a 填充	顶部标注当前实际数据与预测的偏差，右侧标注各模型的预测范围，底部标注关键政策节点	横向时间轴，实际数据用实心柱，预测区间用半透明带状叠加	Sans-serif，日期 10px，死亡人数 12px 等宽加粗，模型名 9px	第一眼→橙色中位线与实际数据的贴合度 → 第二眼→粉色带的宽度（模型分歧程度） → 最终理解→不确定性本身是有价值的信息	带状区间图（Ribbon/Fa,FiveThirty
285	FiveThirtyEight 文化数据分析	斜率图（Slopegraph）	FiveThirtyEight — 畅销书榜单变化：斜率图	展示畅销书榜单排名从上周到本周的变化——上升的线和下降的线一眼可辨			排名上升的书用橙色线 #ff7e22，下降用粉红 #f9547a，不变用灰色，新上榜用虚线从底部切入	左侧标注上周排名+书名，右侧标注本周排名+书名，线中间不标注保持干净	双纵轴斜率图，左"上周"，右"本周"，斜率=变化方向	Sans-serif，书名 11px，排名数字 13px 加粗等宽，标题 20px	第一眼→最陡的橙色上升线 → 第二眼→粉红色线的下降幅度 → 最终理解→榜单变化的全貌和个体书的命运	斜率图（Slopegraph）,FiveThirty
286	FiveThirtyEight 性别薪酬分析	分面柱状图（Faceted Bar Chart）	FiveThirtyEight — 性别薪酬差距：分面柱状图	按行业分面展示男女薪酬差距，揭示"差距不是均匀的——某些行业比其他行业严重得多"			男性薪酬用深灰柱 #333333，女性用橙色柱 #ff7e22，差距最大的行业分面用橙色边框标注	每对柱顶标注薪酬差额百分比，分面标题=行业名，底部统一X轴刻度	多行分面网格，每面一个行业，面内双柱对比（男vs女）	Sans-serif，行业名 12px 加粗，薪酬 11px 等宽，差百分比 13px 橙色加粗	第一眼→橙色边框标注的"最差行业" → 第二眼→各分面中橙柱和灰柱的高度差 → 最终理解→性别薪酬差距的行业分布极不均匀	分面柱状图（Faceted B,FiveThirty
287	FiveThirtyEight The Voters Who Could Swing The Election	插图+数据混合卡片（Illustrated Data Card）	FiveThirtyEight — 选民画像：卡通插图+数据组合图	用卡通人物头像代表不同选民群体，每组配一组核心数据——让"摇摆选民"从抽象群体变成具体面孔			每个选民群体用独特卡通头像+主题色（如"郊区女性"用橙色系），关键数据用大号数字突出	头像下方标注群体名+人口占比，右侧放3-4个关键统计数字（投票率、偏好候选人、关键议题）	卡片网格，每张卡片=一个选民群体=头像+标题+迷你数据组	Sans-serif（Din），群体名 16px 加粗，统计数字 28px 等宽，细节描述 11px	第一眼→卡通头像的个性 → 第二眼→头像下方的群体标签 → 最终理解→每个群体背后的数据画像	插图+数据混合卡片（Illus,FiveThirty
288	FiveThirtyEight 好莱坞票房分析	脊柱信息图（Spine Chart / Dumbbell Chart）	FiveThirtyEight — 电影票房：脊柱信息图	对比电影的预算 vs 票房回报——"投入与回报之间的距离就是利润或亏损"			预算→票房之间的连接线，盈利用橙色 #ff7e22，亏损用粉红 #f9547a，线越长代表利润/亏损越大	左端标注预算金额，右端标注票房金额，线上标注利润率和片名	哑铃图，左端=预算，右端=票房，连接线=利润/亏损空间，按利润率排行	Sans-serif，片名 11px，金额 12px 等宽，利润率 13px 加粗	第一眼→最长的橙色线（最大盈利）和最长的粉红线（最大亏损） → 第二眼→中间区域的电影分布 → 最终理解→高预算≠高回报，亏损集中在特定类型	脊柱信息图（Spine Cha,FiveThirty
289	FiveThirtyEight 美国人口结构分析	人口金字塔对比（Population Pyramid Comparison）	FiveThirtyEight — 老龄化美国：人口金字塔动态对比	叠加1980年和2020年的人口金字塔，让"美国变老了"从抽象事实变成可见的形态变化			1980年人口用灰色半透明 #90A4AE 填充，2020年用橙色半透明 #ff7e22 叠加，重叠区域自然混色	左侧=男性，右侧=女性，中间纵轴=年龄，顶部标注关键年龄段的占比变化	双向横条金字塔，左男右女，叠加两个年份的半透明层	Sans-serif，年龄段标签 10px，百分比 11px 等宽，变化标注 12px 橙色加粗	第一眼→老年段橙色条明显比灰色长 → 第二眼→底部年轻段的橙色条比灰色短 → 最终理解→婴儿潮一代正在从金字塔底部"长到"顶部	人口金字塔对比（Populat,FiveThirty
290	FiveThirtyEight Sports Betting Odds Analysis	点图矩阵（Dot Plot Matrix / Cleveland Dot Plot）	FiveThirtyEight — 体育博彩概率：点图矩阵	按球队×统计指标展示博彩公司赔率与 FiveThirtyEight 模型预测的偏差——"庄家和模型谁更准"			每对点用细线连接，模型预测用橙色点 #ff7e22，博彩赔率用粉红点 #f9547a，两者差距大的用加粗线+箭头	左侧标注球队名，顶部标注统计指标，每个点旁标注具体概率值	多行点图，每行一个球队，行内多列指标，双色点对+连接线	Sans-serif，球队名 11px，概率值 9px 等宽，指标名 10px 旋转	第一眼→连线最长的行（模型与庄家分歧最大） → 第二眼→橙色点和粉红点哪边更接近实际结果 → 最终理解→庄家和模型在不同球队上有不同的"盲区"	点图矩阵（Dot Plot M,FiveThirty
291	Nature Medicine — 免疫肿瘤学临床试验	Kaplan-Meier 生存曲线	Nature — Kaplan-Meier 生存曲线：免疫检查点抑制剂 vs 化疗	展示免疫治疗组与化疗组在总生存期上的显著差异，两条曲线逐步分离的过程就是疗效证据的视觉化			免疫组用深蓝实线+淡蓝置信带，化疗组用绿色虚线+淡绿置信带；中位生存时间用竖虚线标注	图内标注 HR（95% CI）和 log-rank p 值；风险人数表（Number at risk）置于 x 轴下方；删失标记用短竖线	标准双臂生存曲线——纵轴 survival probability 0-1，横轴 months from randomization；右上角 inset 放缩放	Sans-serif（Helvetica/Arial），轴标签 8pt，p 值标注 7pt，标题 10pt bold	第一眼→两条曲线的分离点 → 第二眼→置信带的宽窄（不确定性） → 最终理解→HR 值和中位生存差异的临床意义	Kaplan-Meier 生存,Nature Med
292	Nature Genetics — 全基因组关联研究	曼哈顿图（Manhattan Plot）	Nature — GWAS 曼哈顿图：全基因组关联显著性	在数百万个 SNP 位点中一眼识别哪些位点跨越了全基因组显著性阈值，"摩天大楼"般突出的峰就是与表型关联最强的遗传变异			基因组显著性线（p < 5×10⁻⁸）以上用红色点标注，已知关联位点用菱形标记； suggestive 线（p < 1×10⁻⁵）用灰色虚线	超过显著性阈值的峰标注基因名和 rs 编号；x 轴为染色体编号，y 轴为 -log₁₀(p)	全幅横向散点图，x 轴按染色体位置排列，y 轴 log 刻度；顶部留空间放基因标注引线	Sans-serif（Arial），染色体标签 7pt，基因名 6pt italic，轴标题 9pt	第一眼→红色"摩天大楼"般的显著峰 → 第二眼→染色体间的峰分布差异 → 最终理解→候选基因的功能注释意义	曼哈顿图（Manhattan ,Nature Gen
293	Science Translational Medicine — 系统综述与 Meta 分析	森林图（Forest Plot）	Science — 森林图：多项临床试验的 Meta 分析	将多个独立临床试验的结果汇总在一张图上，菱形（合并效应量）是否跨越零线决定结论方向——"综合所有证据后的最终裁决"			各研究效应量用蓝色方块（大小=权重），95% CI 用水平线；合并效应用红色菱形；无效线（OR=1）用黑色虚线	左列放研究名+年份，中列放森林图，右列放 OR（95% CI）数值；底部标注异质性 I² 和 Q 检验 p 值	经典三栏布局——左文字、中图形、右数值；底部菱形合并效应+总置信区间	Sans-serif（Arial），研究名 7pt，数值 7pt，轴标签 8pt，菱形标注 9pt bold	第一眼→红色菱形在无效线的哪一侧 → 第二眼→哪些研究的 CI 跨越无效线（不一致） → 最终理解→异质性 I² 值决定合并结果的可靠性	森林图（Forest Plot,Science Tr
294	Science — 转录组学差异表达研究	火山图（Volcano Plot）	Science — 火山图：转录组差异表达分析	同时展示基因表达的统计显著性（y 轴）和变化幅度（x 轴），右上角和左上角的"喷发点"就是既显著又大幅变化的差异表达基因			log₂FC > 1 且 -log₁₀(p) > 阈值的点着色（红=上调，蓝=下调），其余灰色半透明；显著基因密集区域放缩放 inset	顶部显著基因用引线标注基因名；x 轴双阈值竖虚线，y 轴水平虚线标 p 值阈值；角落标注上调/下调基因数	中心对称散点图，x 轴 log₂FC（中位为零线），y 轴 -log₁₀(p)；四角标注区域统计	Sans-serif（Arial），基因名 5pt，轴标签 8pt，统计标注 7pt	第一眼→红色和蓝色的"翅膀" → 第二眼→阈值线切割出的四个象限 → 最终理解→右上角基因是上调+显著的首选候选靶点	火山图（Volcano Plo,Science — 
295	Cell — 单细胞转录组学	聚类热力图（Clustered Heatmap）	Cell — 基因表达热力图：单细胞 RNA-seq 聚类	展示不同细胞类型中标志基因的表达模式，行聚类揭示细胞亚群，列聚类揭示基因共表达模块——"哪些细胞在说同一种语言"			连续色阶从深蓝（低）→ 白（中）→ 深绿（高）， dendrogram 用灰色细线；关键 marker 基因行用侧边色条标注	左侧 dendrogram + 细胞类型色条，顶部 dendrogram + 基因模块色条；右侧标注 marker 基因名；色阶图例放右下角	经典矩阵布局——行=细胞（按聚类排序），列=基因（按聚类排序），两侧 dendrogram + 色条	Sans-serif（Arial），基因名 5pt 横排，细胞标签 6pt，色条标签 7pt	第一眼→对角线方向的深绿色块（模块化表达模式） → 第二眼→色条与 dendrogram 的分组对应 → 最终理解→共表达基因模块暗示共同的调控机制	聚类热力图（Clustered,Cell — 单细胞
296	Cell Systems — 细胞间通讯分析	和弦图（Chord Diagram）	Cell — 和弦图：细胞间信号通讯网络	展示不同细胞类型之间配体-受体介导的信号通讯强度和弦粗细=通讯频率，让读者看到"谁在跟谁说话、说多少"			每种细胞类型用独立颜色，弦的颜色取源细胞色；高权重通讯路径弦加粗；低权重设半透明	外圈弧段标注细胞类型名和样本数；关键通路用引线标注配体-受体对名称	圆环布局，外圈弧段=细胞类型，内部弦=通讯关系；底部放图例和通路排名条	Sans-serif（Helvetica），细胞名 9pt bold，配体-受体标注 6pt，图例 7pt	第一眼→最粗的几条弦（主导通讯） → 第二眼→弦的颜色归属（谁发出的信号） → 最终理解→免疫细胞与肿瘤细胞的信号回路	和弦图（Chord Diagr,Cell Syste
297	The Lancet Infectious Diseases — 疫苗效力追踪研究	间隔带状生存曲线（Ribbons + Lines）	Lancet — 生存曲线：疫苗效力时间衰减	展示不同技术路线疫苗的效力随时间的衰减曲线——"保护力不是永久的，每种疫苗有不同的衰退节拍"			每种疫苗用独立颜色的带状区域（efficacy ± 95% CI），中心线为点估计；50% 效力线用 Lancet 深红虚线标注	右侧标注疫苗名和末次随访效力值；底部标注各时间点随访人数；图内标注 WHO 最低效力标准线	纵轴 vaccine efficacy 0-100%，横轴 months since vaccination；多条带状曲线叠加，底部 risk table	Serif（Times New Roman），主图标签 9pt，底部表格 7pt，轴标题 10pt italic	第一眼→哪条带先穿过 50% 效力线 → 第二眼→带的宽窄（置信区间宽=数据不确定） → 最终理解→mRNA 疫苗早期高但衰减快 vs 腺病毒载体衰减慢但起始低	间隔带状生存曲线（Ribbon,The Lancet
298	The Lancet — 药物系统性综述	森林图（Forest Plot）+ 亚组分析	Lancet — 系统评价森林图：降脂药物心血管获益	汇总所有降脂药物 RCT 的心血管事件降低效果，按亚组（年龄/性别/基线 LDL）拆分，回答"对谁最有效"			整体效应菱形用 Lancet 红，亚组方块用蓝色；亚组间异质性用灰色阴影行分隔	左列：亚组名+研究数；中列：森林图；右列：RR（95% CI）+ p for interaction；底部标注总异质性	多层森林图——每个亚组一行方块+线，底部总合并菱形；异质性检验结果嵌入行间	Serif（Times），亚组名 8pt bold，数值 7pt，轴标签 8pt	第一眼→红色总菱形在无效线左侧（获益） → 第二眼→哪些亚组的方块远离无效线（异质性受益） → 最终理解→interaction p 值判断亚组差异是否真实	森林图（Forest Plot,The Lancet
299	New England Journal of Medicine — 重症医学临床试验	箱线图叠加抖动散点（Box + Jitter）	NEJM — 箱线图+抖动散点：ICU 住院时长对比	展示两组患者 ICU 住院时长的分布差异，箱体概括分布特征，散点暴露个体数据——"不仅要知道谁住得久，还要看到每个人"			治疗组用 NEJM 深蓝填充箱体，对照组用浅蓝描边不填充；中位数线加粗；散点半透明避免遮挡	箱体上方标注中位数和 IQR；底部标注 p 值（Wilcoxon）和效应量；离群点用空心圆+数值标注	并排双箱体，y 轴为天数（log 刻度可选），x 轴为组别；上方 p 值括弧连接两组	Sans-serif（Arial），轴标签 8pt，p 值 9pt italic，数据标注 6pt	第一眼→两组箱体的中位数线高度差 → 第二眼→箱体长宽（分布离散度）和离群点 → 最终理解→p 值+效应量一起判断临床意义	箱线图叠加抖动散点（Box +,New Englan
300	NEJM — 基因组学转化医学研究	MA 图（M-A Plot）	NEJM — MA 图：转录组差异表达可视化	展示基因表达的平均水平（A 轴）与变化倍数（M 轴）的关系，揭示低表达基因的噪声放大效应——"低表达区域的变化倍数不可靠"			非显著基因为灰色半透明点，显著差异基因按上调/下调着红色/蓝色；Loess 回归曲线用红色实线	顶部标注显著基因数和 FDR 阈值；右侧标注 fold change 阈值线；低表达区域用浅灰底纹标注"低信噪比区"	散点图，x 轴为 average expression（log scale），y 轴为 log₂ fold change；Loess 曲线 + 两条水平阈值线	Sans-serif（Arial），轴标签 8pt，标注 7pt，标题 10pt bold	第一眼→红色 Loess 曲线是否偏离 y=0（系统性偏倚） → 第二眼→显著基因在 x 轴上的分布（是否集中在高表达区） → 最终理解→低表达区的"显著"可能	MA 图（M-A Plot）,NEJM — 基因组
301	Nature Cancer — 药物基因组学高通量筛选	注释热力图（Annotated Heatmap）	Nature — 热力图：药物-基因敏感性矩阵	展示多种癌细胞系对多种药物的敏感性矩阵，行聚类揭示药物作用机制分组，列聚类揭示基因型依赖的敏感模式——"哪种基因突变决定了哪种药有效"			diverging 色阶深蓝（高敏感）→ 白（中性）→ 深绿（耐药）；侧边色条标注药物类别和通路	顶部色条标注基因突变状态（突变/野生型），左侧标注药物名+靶点；敏感热点区域用矩形框标注	双向聚类热力图，行列各带 dendrogram + 多层注释色条；右下角放色阶图例	Sans-serif（Helvetica），药物名 6pt，色条标注 7pt，轴标题 9pt	第一眼→蓝色/绿色的对角块（药物-基因型特异性模式） → 第二眼→侧边色条与聚类的对应关系 → 最终理解→同通路药物在相同突变背景下的敏感性一致→机制验证	注释热力图（Annotated,Nature Can
302	Science — 全球抗菌药物耐药性监测网络	地理气泡图（Geographic Bubble Map）	Science — 地理分布气泡图：全球抗生素耐药性监测	在世界地图上用气泡大小编码耐药率，颜色编码致病菌种类，揭示耐药性的全球不均匀分布——"哪些地区是耐药重灾区"			耐药率 >50% 的气泡用红色描边，≤25% 用蓝色填充；气泡面积 = 耐药率；地区底色用淡灰	重点地区用引线标注具体耐药率数值；图例放左下角，同时展示面积映射和颜色映射；顶部放总览统计条	世界地图底图 + 气泡叠加层，每个监测站点一个气泡；底部放时间趋势 mini sparkline	Sans-serif（Helvetica），地区标注 7pt，图例 8pt，标题 11pt bold	第一眼→红色描边的大气泡集中在哪些区域 → 第二眼→颜色分布（哪些菌种在哪个区域最严重） → 最终理解→东南亚和南亚是多重耐药重灾区	地理气泡图（Geographi,Science — 
303	Cell — 单细胞多组学整合分析	UMAP 二维嵌入散点图	Cell — UMAP 散点图：单细胞降维聚类	将数万个单细胞的高维转录组数据降维到二维平面上，颜色标注细胞类型——"高维世界在二维投影中是否自然分群"			每种细胞类型独立颜色，半透明点避免遮挡；目标细胞群用凸包描边标注；过渡态细胞用渐变色	聚类中心标注细胞类型名（如 CD4+ T, B cell, NK）；图例放右侧，同时标注每种类型的细胞数	全幅散点图，无坐标轴刻度（UMAP 坐标无物理意义），底部放基因表达 feature plot 小多图	Sans-serif（Arial），细胞名 8pt bold，图例 7pt，轴标签隐藏	第一眼→颜色分离的大团块（主要细胞类型） → 第二眼→团块间的过渡区和散落点 → 最终理解→连续谱系暗示细胞分化轨迹	UMAP 二维嵌入散点图,Cell — 单细胞
304	The Lancet — Global Burden of Disease Study	水平条形图 + 误差棒	Lancet — 条形图+误差棒：全球疾病负担 DALY 排名	按疾病排名展示全球 DALY（伤残调整生命年），条形长度=负担，误差棒=不确定性——"排名告诉优先级，不确定性告诉证据强度"			前 10 位疾病用 Lancet 深红实心条，11-20 位用浅红描边条；top 3 条加粗；变化趋势箭头标注在条尾	条右端标注 DALY 值（百万）和 95% UI；左侧标注疾病名；底部标注数据来源和时间范围	水平条形图从上到下按 DALY 降序排列，每条附带水平误差棒；右侧放 2010 vs 2020 对比箭头	Serif（Times New Roman），疾病名 8pt，数值 7pt，轴标题 9pt italic	第一眼→最长的深红条（最大疾病负担） → 第二眼→误差棒长短（不确定性的疾病间差异） → 最终理解→缺血性心脏病和卒中仍是全球第一大杀手，但低背痛的排名上升最快	水平条形图 + 误差棒,The Lancet
305	New England Journal of Medicine — I 期剂量爬坡试验	剂量-反应曲线（Dose-Response Curve）	NEJM — 剂量-反应曲线：药物安全性窗	展示药物剂量与疗效/毒性反应的 S 形曲线关系，两条曲线的间距就是"治疗窗口"——间距越宽，安全范围越大			疗效曲线用 NEJM 深蓝实线+浅蓝置信带，毒性曲线用红色虚线+浅红置信带；两曲线间用淡绿填充标注治疗窗	x 轴标注剂量（mg），y 轴标注反应率（%）；推荐 II 期剂量（RP2D）用竖虚线+文字标注；ED₅₀ 和 TD₅₀ 标注在曲线拐点	双 S 曲线叠加图，x 轴 log 剂量，y 轴反应概率；底部放各剂量级入组人数条	Sans-serif（Arial），轴标签 8pt，RP2D 标注 9pt bold，曲线标注 7pt italic	第一眼→两条曲线之间的绿色区域（治疗窗） → 第二眼→RP2D 竖线的位置（在窗口中间还是偏边） → 最终理解→窗口宽窄决定剂量选择的容错空间	剂量-反应曲线（Dose-Re,New Englan
306	Deloitte Digital — Digital Maturity Assessment	矩阵图（Matrix Chart）	Deloitte — 数字化成熟度矩阵	将企业在多个维度的数字化成熟度映射到 2x2 或 3x3 矩阵中，横轴=技术能力，纵轴=组织就绪度——"技术先进但组织没准备好"是最常见的陷阱			四象限用深浅绿区分（左下浅绿=起步，右上深绿=领先）；企业位置用 Deloitte 绿色圆点+公司名标注；行业平均用黑色菱形	象限中心标注象限名称（如"数字化先驱""技术孤岛"）；x/y 轴标注维度名和刻度（1-5）；右侧放行业分布条	正方形矩阵，x 轴横、y 轴纵，四象限分割线用 Deloitte 绿虚线；右上角放行业标杆参考点	Sans-serif（Deloitte 品牌字体），象限名 12pt bold，数据标注 9pt，轴标签 10pt	第一眼→绿色圆点落在哪个象限 → 第二眼→圆点与黑色菱形的相对位置（高于/低于行业平均） → 最终理解→大多数企业集中在"技术先行、组织滞后"象限	矩阵图（Matrix Char,Deloitte D
307	Deloitte Sustainability — ESG Performance Review	雷达图（Radar Chart）	Deloitte — ESG 雷达图：企业可持续发展评分	在 E（环境）、S（社会）、G（治理）三大维度的多个子项上展示企业评分，形状越饱满越均衡——"ESG 不是单项冠军，是全面选手"			企业得分用 Deloitte 绿实心区域，行业平均用黑色虚线轮廓；差距最大的轴用红色箭头标注	每个轴端标注维度名和得分值（0-100）；中心放综合得分；底部放各维度权重说明	八轴雷达图，等角分布；内部同心圆标注 25/50/75/100 刻度	Sans-serif，维度名 9pt bold，数值 8pt，中心得分 24pt bold	第一眼→绿色区域的整体形状（饱满/凹陷） → 第二眼→最凹陷的轴（薄弱维度） → 最终理解→环境维度领先但社会维度落后→ESG 报告的重点改进方向	雷达图（Radar Chart,Deloitte S
308	Accenture Technology Vision — 年度技术趋势报告	气泡图（Bubble Chart）	Accenture — 技术趋势气泡图	在"成熟度-影响力"二维平面上展示多个技术趋势，气泡大小=投资规模，颜色=行业适用性——"哪些技术值得现在押注"			每个气泡颜色编码行业适用性（紫色=全行业，橙色=金融优先，青色=制造优先）；"战略优先"象限用淡紫底色高亮	每个气泡内或旁标注技术名（如 Generative AI, Quantum Computing, Digital Twin）；右上角放"高影响力+高成熟度"的引	四象限气泡图，x 轴=成熟度，y 轴=影响力，气泡面积=投资规模；四象限用细线分割并标注战略含义	Sans-serif（Accenture 品牌字体），技术名 8pt bold，轴标签 10pt，象限标注 11pt	第一眼→右上方的大气泡（高影响力+高成熟度+大投资） → 第二眼→紫色的位置（全行业通用）vs 橙色（行业特异） → 最终理解→Generative AI 在右	气泡图（Bubble Char,Accenture 
309	Accenture Strategy — 能源转型报告	堆叠面积图（Stacked Area Chart）	Accenture — 堆叠面积图：全球能源转型路径	展示全球一次能源消费结构从化石主导到可再生能源逐步替代的过渡路径——"转型不是一夜之间，是一个缓慢但不可逆的重叠替换"			化石能源用暖色（棕/灰/橙），清洁能源用冷色（紫/青）；2025 当前年份用竖虚线标注为"分水岭"；未来区域用虚线边框区分预测与实测	每层面积右侧标注能源类型名和占比；顶部标注总能耗趋势线；关键年份标注政策里程碑	横向时间轴（2000-2050），纵轴为 EJ（艾焦耳）；100% 堆叠 vs 绝对值双视图可选	Sans-serif（Roboto），能源名 8pt，年份 9pt，里程碑标注 7pt italic	第一眼→底部灰色/棕色面积在右半段逐渐变薄 → 第二眼→顶部紫色/青色面积膨胀 → 最终理解→煤炭先退出、石油后退出、天然气作为过渡桥梁——替代有先后顺序	堆叠面积图（Stacked A,Accenture 
310	PwC Strategy& — 全球市场进入策略	气泡矩阵图（Bubble Matrix）	PwC — 气泡矩阵：全球市场吸引力评估	在"市场增长率-竞争强度"二维矩阵上展示各区域市场，气泡大小=市场容量，颜色=进入难度——"大不一定好进，快不一定值得"			高吸引力市场（高增长+低竞争+大容量）用 PwC 红橙实心大气泡；低吸引力用黄色小气泡；推荐进入市场加 PwC 黄色描边	气泡内标注市场名缩写；右上角放"优先进入"标注；图例展示面积和颜色映射	四象限气泡散点，x=竞争强度（低→高），y=市场增长率（低→高）；PwC 红橙为主色调	Sans-serif（PwC 品牌字体），市场名 8pt bold，轴标签 10pt，象限标注 11pt	第一眼→左上象限（低竞争+高增长）的大气泡 → 第二眼→黄色描边的推荐市场 → 最终理解→东南亚市场增长率高但竞争强度中等+进入壁垒适中=最优选择	气泡矩阵图（Bubble Ma,PwC Strate
311	PwC Tax — 企业税务效率诊断	瀑布图（Waterfall Chart）	PwC — 瀑布图：企业税务效率优化路径	从当前有效税率出发，逐步展示每个优化举措带来的税率降低，最终到达目标税率——"从 25% 到 18% 的七步走路径"			税率减少项用 PwC 红橙向下柱，增加项用黄色向上柱，起止有效税率用深灰粗柱；累积效应用浅橙连线	每根柱顶标注百分点变化；底部标注优化举措名称；起始和终止柱标注具体税率值	横向瀑布图，左起点→中间分解→右终值；底部放举措优先级排名条	Sans-serif，举措名 8pt，数值 9pt bold，轴标签 10pt	第一眼→起点和终点的深灰柱高度差（总优化空间） → 第二眼→每根柱的长度（哪个举措贡献最大） → 最终理解→研发费用加计扣除和跨区域利润分配是最大的两个杠杆	瀑布图（Waterfall C,PwC Tax — 
312	Oliver Wyman — 金融风险管理年度报告	框架图（Framework Diagram）	Oliver Wyman — 风险框架图：金融风险分类体系	将金融风险拆解为三层结构：顶层风险类别→中层风险因子→底层具体事件，用嵌套矩形展示层级关系——"风险不是平铺列表，是有结构的风险树"			三层用 OW 深蓝渐变色阶（顶层最深，底层最浅）；当年新增风险因子用橙色描边标注；高关注区域用加粗边框	每个矩形内标注风险类别名和权重占比；底层事件旁标注年度发生频次；右侧放风险热力指示条	嵌套矩形树图（Treemap 风格），顶层=大矩形，中层=中等矩形，底层=小矩形；面积 = 风险权重	Sans-serif（OW 品牌字体），顶层 14pt bold，中层 10pt，底层 8pt	第一眼→最大的几个深蓝矩形（核心风险类别） → 第二眼→橙色描边的中等矩形（新增/变化的风险因子） → 最终理解→信用风险仍是最大类别但网络安全风险的增速最快	框架图（Framework D,Oliver Wym
313	Oliver Wyman — 保险行业资产负债管理	桑基图（Sankey Diagram）	Oliver Wyman — 桑基图：保险资金流向	展示保险资金从保费收入→准备金计提→投资配置→收益回报的完整资金流向，流量宽度=金额——"每一块钱的保险费最终去了哪里"			各阶段用 OW 深蓝到浅蓝的渐变；最大资金流向用深蓝加粗；资金漏损（退保/赔付）用红色分支	每个节点标注名称和金额；主要流量标注占比百分比；关键分叉点标注决策依据	左→右四阶段桑基图：收入→计提→配置→收益；节点为竖向色带，连线为弯曲流量	Sans-serif，节点名 9pt bold，数值 8pt，流量标注 7pt	第一眼→最宽的流量路径（资金主通道） → 第二眼→红色分支（资金漏损点） → 最终理解→70% 的资金进入固收投资但权益投资贡献了 45% 的收益	桑基图（Sankey Diag,Oliver Wym
314	L.E.K. Consulting — 消费者洞察与细分	气泡散点图（Bubble Scatter）	L.E.K. — 消费者细分气泡图	在"消费频率-客单价"二维平面上展示各消费人群细分，气泡大小=人群占比，颜色=价值等级——"找到你的高价值人群在哪"			高价值人群用 L.E.K. 蓝绿实心大气泡，中价值用黄色，低价值用红色小气泡；目标人群用蓝绿色描边加粗	气泡旁标注细分名称（如"品质追求者""价格敏感型"）；右上角放人群占比总和验证；底部放各细分的关键行为特征条	四象限气泡图，x=消费频率（月均次），y=客单价（元）；辅助线划分高中低价值区	Sans-serif，细分名 8pt bold，数值 7pt，轴标签 10pt	第一眼→右上方蓝绿大气泡（高频率+高客单价+大人群占比） → 第二眼→各象限的人群分布密度 → 最终理解→"品质追求者"占比仅 15% 但贡献 40% 营收=核	气泡散点图（Bubble Sc,L.E.K. Con
315	L.E.K. Consulting — 行业竞争格局分析	堆叠条形图（Stacked Bar Chart）	L.E.K. — 堆叠条形图：市场份额变迁	展示某行业 5 年间各玩家市场份额的变迁，条形内部的颜色面积变化揭示"谁在吃谁"——"集中度在提高，前两名正在蚕食长尾"			头部玩家用 L.E.K. 深蓝绿，中部用中蓝绿，尾部用灰色；5 年间份额增长最快的段用橙色边框标注	每段内标注份额百分比（≥5% 才标）；顶部标注行业集中度 CR4 值；右侧标注玩家名	横向堆叠条形图，每行一年（2019-2024），按份额降序排列；右侧放 CAGR 对比条	Sans-serif，年份标签 9pt bold，百分比 7pt，玩家名 8pt	第一眼→深蓝绿色段从左到右越来越宽（头部集中化趋势） → 第二眼→灰色段在萎缩（长尾被吃） → 最终理解→CR4 从 45% 升到 62%，行业进入整合期	堆叠条形图（Stacked B,L.E.K. Con
316	Bain & Company — 双速经济下的增长策略	分组瀑布图（Grouped Waterfall）	Bain — 双速增长瀑布图	将企业收入增长拆分为"有机增长"和"并购增长"两个驱动因素，对比同行业企业的增长路径——"有人靠内功，有人靠收购"			有机增长用 Bain 红向上柱，并购增长用黑色向上柱，衰退用灰色向下柱；双柱并排便于对比	柱顶标注增长率百分比；底部标注企业名；顶部标注行业平均线	横向分组瀑布图，每家企业在 x 轴上占一组，y 轴为增长率（%）；行业平均用水平虚线	Sans-serif（Bain 品牌字体），企业名 8pt，百分比 9pt bold，轴标签 10pt	第一眼→红黑双柱的高度差（谁靠有机、谁靠并购） → 第二眼→行业平均线以上的企业 → 最终理解→头部企业的增长 70% 靠有机，尾部企业靠并购但不可持续	分组瀑布图（Grouped W,Bain & Com
317	Bain & Company — 并购价值创造框架	价值桥图（Value Bridge）	Bain — 价值桥图：并购协同效应分解	展示并购交易从"独立价值"到"合并价值"的增值路径，中间经过成本协同、收入协同、财务工程——"溢价是否值得"			起止柱（独立价值/合并价值）用黑色粗柱；协同效应用 Bain 红向上瀑布；支付溢价用灰色向下柱	每根柱标注估值（$B）；底部标注价值来源名；净增值（正或负）在终点柱旁用红/绿标注	横向瀑布图变体：独立价值→+成本协同→+收入协同→+财务工程→-溢价→合并价值	Sans-serif，价值来源名 8pt，估值 10pt bold，净增标注 11pt bold	第一眼→起点和终点柱的高度差（净增值/减值） → 第二眼→Bain 红色柱中哪个最长（最大协同来源） → 最终理解→收入协同 > 成本协同但不确定性更高→尽调重	价值桥图（Value Brid,Bain & Com
318	Boston Consulting Group — 经典增长份额矩阵	矩阵气泡图（Matrix Bubble）	BCG — 增长份额矩阵（经典版扩充）	在"市场增长率-相对市场份额"二维矩阵上展示企业业务组合，气泡大小=业务收入——"明星业务要投资，瘦狗业务要收割"			四象限用 BCG 绿色系渐变（深绿=明星，浅绿=现金牛，灰色=瘦狗，白色=问号）；各业务用绿色圆形，大小=收入	气泡内标注业务名缩写；四象限中心标注象限名（Star/Cash Cow/Question Mark/Dog）；右上角放战略建议摘要	经典 BCG 矩阵，x=相对市场份额（右大左小），y=市场增长率（上高下低）；中位线用 BCG 绿虚线分割	Sans-serif（BCG 品牌字体），象限名 12pt bold，业务名 8pt，轴标签 10pt	第一眼→左上深绿象限的气泡（明星业务） → 第二眼→右下浅绿象限的大气泡（现金牛——大但增长慢） → 最终理解→用现金牛的收入喂养问号业务，逐步转化为明星	矩阵气泡图（Matrix Bu,Boston Con
319	BCG Henderson Institute — 适应性优势框架	多层雷达图（Multi-layer Radar）	BCG — 适应性优势雷达图：多市场对比	在六个维度（速度、灵活性、学习、韧性、创新、协作）上对比多家企业的适应性能力，揭示"谁能更快适应变化"			企业 A 用 BCG 深绿实心，企业 B 用中绿描边，行业平均用浅绿虚线；差距最大的轴用红色箭头标注	每个轴端标注维度名；雷达中心放综合得分；右侧放各维度的详细得分表	六轴等角雷达图，三层叠加（企业A/企业B/行业平均）；内部同心六边形标注 20/40/60/80 刻度	Sans-serif，维度名 9pt bold，综合得分 20pt bold，得分表 8pt	第一眼→深绿区域的形状（哪个企业更"饱满"） → 第二眼→特定轴上的差距（红色箭头标注的维度） → 最终理解→企业 A 在"学习"和"速度"维度领先但"韧性"维	多层雷达图（Multi-lay,BCG Hender
320	BCG Strategy — 企业五年战略规划	时间线路线图（Timeline Roadmap）	BCG — 时间线价值创造图：五年战略路线图	展示企业五年战略的阶段性目标、关键里程碑和预期价值释放节奏——"第一年打基础、第三年见成效、第五年收获"			每个阶段用 BCG 绿色系色块区分（深绿=奠基期，中绿=加速期，浅绿=规模化）；里程碑节点用黄色菱形标注；价值释放用绿色向上箭头	每个阶段块内标注战略主题名和 2-3 个关键举措；里程碑旁标注具体目标和达成标准；底部标注累计价值曲线	横向时间轴（Year 0 → Year 5），上方分阶段色块+里程碑，下方放累计价值创造的阶梯线	Sans-serif（BCG 品牌字体），阶段名 11pt bold，举措 8pt，里程碑标注 9pt	第一眼→三个阶段的颜色渐变和宽度（奠基最长、规模化最宽） → 第二眼→黄色里程碑菱形的分布密度 → 最终理解→价值释放集中在 Year 3-5，前两年是投资期→	时间线路线图（Timeline,BCG Strate
321	澎湃美数课	桑基图	澎湃美数课 — 中国春运人口迁徙桑基图	展示春运期间人口从一线城市向各省的回流路径和规模，揭示"从哪来、回哪去"的迁徙结构			最大三条迁徙流用蓝→紫渐变加粗，其余流半透明灰色	节点标注城市名+流出人口数，流中段标注占比百分比	左侧一线城市节点，右侧省份节点，中间流线双向	Sans 14px 标题 + 11px 标签，数字等宽加粗	第一眼→最粗的三条蓝紫流线 → 第二眼→左侧哪个城市流出最多 → 最终理解→广东/北京的全国虹吸效应	桑基图,澎湃美数课
322	澎湃美数课	河流图（ThemeRiver）	澎湃美数课 — 中国城市下沉速度河流图	展示过去十年中国主要城市地面沉降速率的年度变化，揭示哪些城市在"下沉"			沉降最严重的城市（天津、上海）用暖橙 #FF6B35 突出，其余蓝系半透明	每条河流末端标注城市名，峰值处标注沉降速率 mm/年	水平时间轴河流图，河道宽度=沉降面积	Sans 13px 河流标签 + 10px 刻度，末端标签加粗	第一眼→橙色的"异常河流" → 第二眼→哪些城市在涨 → 最终理解→天津的突出沉降曲线	河流图（ThemeRiver）,澎湃美数课
323	澎湃美数课	时间线信息图	澎湃美数课 — 中国抗疫政策时间线信息图	用时间线串联三年抗疫的关键政策节点，展示政策松紧的节奏变化			封控期红色节点，放开期蓝色节点，节点大小编码政策影响范围	每个节点标注日期+政策名，重要节点（如"新十条"）用大号字+引线	垂直时间线，左右交替排列政策卡片	Sans 16px 日期 + 13px 政策名，关键节点 18px 加粗	第一眼→红色密集区（封控高峰） → 第二眼→蓝红切换点 → 最终理解→从紧到松的政策节奏	时间线信息图,澎湃美数课
324	澎湃美数课	地图热力叠加轨迹	澎湃美数课 — 中国外卖骑手工作日轨迹地图	用一位骑手的真实GPS轨迹展示一天的工作范围和强度，揭示"困在系统里"的空间维度			取餐点用黄色脉冲圆，送餐点用橙色脉冲圆，轨迹线粗细编码速度	关键节点标注商家名/小区名+停留时长，底部统计面板	城市地图底图 + 轨迹叠加 + 右侧迷你统计面板（单数/里程/收入）	Sans 12px 标注 + 18px 统计数字，数字等宽	第一眼→密集的橙色轨迹网 → 第二眼→取餐/送餐脉冲节奏 → 最终理解→一天120km的空间代价	地图热力叠加轨迹,澎湃美数课
325	财新数据可视化	热力矩阵	财新数据可视化 — 中国地方政府债务风险热力矩阵	展示各省债务率与财政自给率的交叉分布，识别高风险省份			高债务率+低财政自给的省份用红色 #C53030 加粗边框，安全省份蓝色浅底	每格标注省份简称+债务率%，右上角图例映射色阶	行=省份（按债务率排序），列=财政自给率区间，填充色=风险等级	Sans 11px 省份标签 + 10px 数值，红色标注加粗	第一眼→右上红色密集区 → 第二眼→哪些省份在红区 → 最终理解→债务率与财政自给率的负相关	热力矩阵,财新数据可视化
326	财新数据可视化	地图动态扩散	财新数据可视化 — P2P 爆雷潮扩散动态地图	展示P2P平台爆雷从一线城市向三四线城市蔓延的时空过程			已爆雷城市用红色脉冲圆，圆大小=涉及金额，安全城市灰色小点	大案城市标注平台名+金额，底部时间轴可拖拽	中国地图底图 + 动态脉冲 + 底部时间轴滑块	Sans 12px 城市标注 + 14px 案名，金额加粗	第一眼→红色脉冲从东部沿海蔓延 → 第二眼→最大脉冲（e租宝等） → 最终理解→从点到面的风险传导	地图动态扩散,财新数据可视化
327	财新数据可视化	多系列折线图	财新数据可视化 — 中国人口出生率断崖式下跌折线图	展示各省人口出生率在2016-2023年的断崖下降，对比全面二孩政策前后的效果			全国平均线用粗红线 #C53030，各省灰蓝色细线，下降最快的省用橙色标注	2016年标注"全面二孩放开"，2020年标注"疫情"，末端标注各省出生率	标准折线图 + 关键事件垂直标注线 + 末端标签	Serif 14px 标题 + Sans 11px 标签，事件标注斜体	第一眼→红色全国线在2016短暂反弹后急跌 → 第二眼→哪些省跌得最狠 → 最终理解→二孩政策的短期效应与长期趋势	多系列折线图,财新数据可视化
328	界面数据	棒棒糖图	界面数据 — 中国城市通勤时长大比拼棒棒糖图	展示中国主要城市平均通勤时长的排名和极端值，揭示"通勤之痛"的城市差异			超过60分钟的城市用红色圆点，低于30分钟的蓝色，平均线虚线标注	圆点旁标注城市名+分钟数，前三名和后三名加大字号	垂直棒棒糖，降序排列，左侧城市名，右侧分钟数	Sans 13px 城市名 + 14px 数值加粗	第一眼→最顶部的红色大圆（北京） → 第二眼→平均线在哪里 → 最终理解→自己城市的通勤排位	棒棒糖图,界面数据
329	界面数据	堆叠面积图	界面数据 — 新消费品牌融资寒冬面积图	展示新消费品牌各赛道融资额从2020年高点到2022年低谷的萎缩过程			咖啡/茶饮赛道用橙色加粗上沿，其余赛道半透明	面积内标注赛道名，峰值标注总金额，底部标注关键事件	水平时间轴堆叠面积，按赛道分层	Sans 12px 赛道标签 + 16px 标题	第一眼→2020年的面积高峰 → 第二眼→2022年的断崖萎缩 → 最终理解→哪些赛道收缩最严重	堆叠面积图,界面数据
330	网易数读	插画信息图	网易数读 — 中国人睡眠报告插画信息图	用插画+数据混合的方式讲述中国人的睡眠现状，让严肃数据有温度			关键数据（平均睡眠时长6.5h）用黄色大号字嵌入插画区域	每个数据模块配有插画场景（床上刷手机、咖啡续命等），数据直接嵌入插画	垂直滚动信息图，每屏一个数据模块+插画+关键数字	Sans 24px 关键数字 + 14px 正文，数字圆体加粗	第一眼→大号"6.5小时"数字+床上的插画 → 第二眼→各年龄段对比条 → 最终理解→"我也这样"的共鸣	插画信息图,网易数读
331	网易数读	水平条形图（插画嵌入）	网易数读 — 中国人年夜饭消费排行条形图	展示各省份年夜饭人均消费排名，结合地域饮食文化特征			前三名用暖橙实心条，其余用浅橙，条末端嵌入食物小图标	条左标注省份名+代表菜图标，条右标注消费金额	水平条形降序排列，条高较大（行间距宽松）	Sans 14px 省份名 + 16px 金额加粗	第一眼→前三名的长条+食物图标 → 第二眼→自己家乡排第几 → 最终理解→地域消费力差异	水平条形图（插画嵌入）,网易数读
332	DT财经	雷达图	DT财经 — Z世代消费偏好雷达图	对比Z世代与千禧一代在消费维度（体验/品牌/价格/社交/环保）上的偏好差异			Z世代用粉红 #FF6B6B 实线粗边，千禧一代用浅橙 #FFA07A 虚线	每轴标注维度名+两代人的分值，中心留空	标准五轴雷达，双层叠加，半透明填充	Sans 13px 轴标签 + 11px 分值，年轻化圆体	第一眼→粉红三角形的突出尖角（体验/社交） → 第二眼→两代人的形状差异 → 最终理解→Z世代重体验轻品牌	雷达图,DT财经
333	DT财经	水平条形图+地图联动	DT财经 — 中国城市夜经济活力指数排行	展示中国城市夜间消费活力的综合排名，揭示"夜猫子"城市的地理分布			前五名粉红实心条+地图上脉冲标记，其余浅橙	条左标注城市名，条右标注活力指数，地图上标注城市点	左侧水平条形图 + 右侧中国地图联动高亮	Sans 14px 城市名 + 12px 指数，数字等宽	第一眼→最长的粉红条（成都/长沙） → 第二眼→右侧地图对应位置发光 → 最终理解→南方城市的夜经济碾压北方	水平条形图+地图联动,DT财经
334	搜狐数字之道	动态人口金字塔	搜狐数字之道 — 中国人口老龄化结构动画	展示中国人口结构从2000年到2050年的老龄化演变过程			60岁以上区域用饱和色加深，劳动年龄区域浅色	中轴标注年龄，底部标注年份（动画），顶部标注抚养比	水平双向柱人口金字塔 + 底部时间滑块	Sans 12px 年龄标签 + 16px 年份大号	第一眼→金字塔底部的"宽" → 第二眼→顶部60+区域逐渐膨胀 → 最终理解→倒三角形的人口危机	动态人口金字塔,搜狐数字之道
335	新浪图解	动态地图网络	新浪图解 — 中国高铁网络扩张动图	展示中国高铁网络从2008年到2025年的逐年扩张，每帧新增一条线路			新增线路用红色粗线闪烁，既有线路蓝色，规划线路灰色虚线	新增线路标注城市名+里程，右下角年份+总里程计数器	中国地图底图 + 线路叠加 + 右下角计数器面板	Sans 12px 城市标注 + 24px 总里程数字等宽	第一眼→红色新线从中心向外延伸 → 第二眼→总里程数字跳动 → 最终理解→从零到4万公里的速度	动态地图网络,新浪图解
336	腾讯新闻谷雨数据	分级统计地图	腾讯新闻谷雨数据 — 中国留守儿童分布分级地图	展示中国各地区留守儿童数量的地理分布，揭示中西部集中现象			留守儿童比例最高的省份用深橙 #FF8C00 填充，低省份用浅黄，无数据灰色	色标尺在底部，重点省份标注具体数字（河南/四川/安徽）	中国地图底图，省份填充色+数据标注	Sans 13px 省份标注 + 16px 标题，数字加粗	第一眼→中部深橙色带 → 第二眼→四川/河南的数字 → 最终理解→劳务输出大省=留守儿童大省	分级统计地图,腾讯新闻谷雨数据
337	新华网数据新闻	树图（Treemap）	新华网数据新闻 — 中国脱贫攻坚成就树图	展示各省份脱贫人口数量的相对规模，用面积直觉传递"谁贡献最大"			脱贫人口最多的省份用金红色 #C41E3A，次之用浅红，面积=脱贫规模	大块标注省份名+脱贫人数，小块仅标注省份缩写	标准矩形树图，按脱贫人口降序排列	Sans 14px 大块标签 + 10px 小块标签，白色文字	第一眼→最大的红色块（贵州/云南） → 第二眼→面积对比的悬殊 → 最终理解→脱贫攻坚的主战场在西南	树图（Treemap）,新华网数据新闻
338	新华网数据新闻	弧形地图	新华网数据新闻 — "一带一路"贸易额弧形地图	展示中国与"一带一路"沿线国家的贸易流动和规模			贸易额最大的线路用金色 #FFD700 粗弧，其余红色细弧	弧线中段标注贸易额，国家点标注国名	世界地图底图 + 中国为辐射中心的弧线 + 左侧图例面板	Sans 12px 国名 + 10px 贸易额，金色数字加粗	第一眼→从中国辐射出的金色弧线群 → 第二眼→最粗的弧通向哪里 → 最终理解→东盟/欧盟是最大贸易伙伴	弧形地图,新华网数据新闻
339	中央电视台数据新闻	全景信息图（多图表组合）	中央电视台数据新闻 — 中国粮食安全全景信息图	用一组数据图展示中国粮食产量、进口依赖度、主产区分布的全貌			产量连续增长用红色上升箭头，进口依赖度高的品类用金色警示	每个图表模块有独立标题+数据标注，底部引用来源	垂直滚动，每屏一个图表模块：产量折线→进口饼图→产区地图→人均对比	Serif 18px 模块标题 + Sans 12px 数据标注	第一眼→红色上升箭头（产量增长） → 第二眼→金色警示（大豆进口依赖） → 最终理解→总量安全但结构性依赖的风险	全景信息图（多图表组合）,中央电视台数据新闻
340	网易数读	堆叠柱状图（插画版）	网易数读 — 中国城市结婚成本排行榜	展示各城市结婚总成本的构成分解（彩礼+婚房+婚宴+其他），揭示地域差异			彩礼部分用紫色 #6C5CE7 突出（最大争议项），婚房用暖橙，其余浅色	柱顶标注总金额，各段标注金额，左侧城市名	水平堆叠柱，降序排列，每柱4段	Sans 14px 城市名 + 12px 段内金额，总金额18px加粗	第一眼→最长的柱（深圳/北京） → 第二眼→紫色彩礼段有多长 → 最终理解→彩礼在中西部城市占比极高	堆叠柱状图（插画版）,网易数读
341	Stripe	环形进度图	Stripe — 支付处理量环形进度图	展示支付处理成功率（99.99%）和实时交易量，传递可靠性和规模感			已处理部分用紫色渐变填充，剩余0.01%用红色警示线	环中心标注大号成功率数字，底部标注处理量/秒	居中环形图 + 下方实时计数器 + 右侧迷你趋势线	Sans 48px 中心数字 + 14px 标签，数字等宽	第一眼→中心99.99%大号数字 → 第二眼→紫色渐变几乎满圆 → 最终理解→"几乎不失败"的可靠性	环形进度图,Stripe
342	Stripe	弧形地图（深色主题）	Stripe — 全球支付网络弧形地图	展示Stripe覆盖的全球支付网络和实时交易流向			主交易流（美国-欧洲）用亮紫色粗弧，次要流用半透明细弧	节点城市标注名称，弧线标注交易量级	世界地图底图（简化轮廓） + 弧线叠加 + 底部统计条	Sans 11px 城市标注 + 14px 统计标签，微型圆角	第一眼→紫色弧线编织的网络 → 第二眼→最密集的区域（美欧） → 最终理解→全球覆盖的广度	弧形地图（深色主题）,Stripe
343	Airbnb	气泡地图	Airbnb — 房源分布气泡地图	展示Airbnb全球房源分布密度，传递"在任何地方都能找到家"的品牌理念			热门城市用品牌粉 #FF5A5F 大气泡，新兴市场用绿色 #00A699	大气泡内标注城市名+房源数，小气泡悬停显示	世界地图底图 + 圆形气泡叠加 + 左侧筛选面板	Sans 12px 城市标注 + 14px 房源数，圆体	第一眼→欧洲和东南亚的密集气泡群 → 第二眼→粉色（成熟）vs 绿色（新兴） → 最终理解→全球覆盖的广度和增长方向	气泡地图,Airbnb
344	Uber	热力地图	Uber — 实时出行热力地图	展示城市内实时出行需求的分布密度，帮助司机判断热点区域			高需求区域用蓝色渐变加深，低需求区域透明	极简标注，仅热点区域标注地名+预估等待时间	城市地图底图 + 热力叠加层 + 右侧简洁面板	Sans 12px 地名 + 16px 等待时间	第一眼→深蓝色热区 → 第二眼→热区的地理位置 → 最终理解→去哪里接单最快	热力地图,Uber
345	Spotify Wrapped	雷达图（品牌风格）	Spotify Wrapped — 年度听歌画像雷达图	展示用户年度听歌偏好的多维画像（能量/情绪/节奏/独立/流行/复古）			用户最强维度用绿色 #1DB954 实线粗边，平均轮廓用灰色虚线	每轴标注维度名+分值，中心标注"你的听歌DNA"	居中雷达图 + 底部分享按钮 + 背景渐变动画	Sans 16px 维度标签 + 24px 中心文字，圆体加粗	第一眼→绿色雷达的形状 → 第二眼→最突出的尖角（你的特质） → 最终理解→"这就是我的听歌DNA"	雷达图（品牌风格）,Spotify Wr
346	Spotify Wrapped	水平柱状图（个人 vs 全球）	Spotify Wrapped — 播放时长对比柱状图	展示用户年度播放时长与全球平均的对比，制造"我听了这么多"的成就感			用户时长用绿色大柱，全球平均用灰色细线标注	柱端标注具体时长（xx,xxx分钟），柱内标注排名百分位	单根大柱 + 参考线 + 百分位标签	Sans 32px 时长数字 + 14px 标签，数字等宽加粗	第一眼→绿色柱有多长 → 第二眼→灰色参考线的差距 → 最终理解→"我比99%的人听得多"	水平柱状图（个人 vs 全球）,Spotify Wr
347	GitHub	日历热力图	GitHub — 贡献热力日历图	展示开发者过去一年的代码提交频率，传递"你的编程足迹"			提交日越多的方格绿色越深，零提交用深灰 #161B22	每月标注月份名，悬停显示具体提交数	52列x7行网格，每格=一天，行=周日-周六	Sans 10px 月份标签 + 8px 星期标签，微型	第一眼→绿色密集的时段（高产期） → 第二眼→空白区域（摸鱼期） → 最终理解→一年的编程节奏	日历热力图,GitHub
348	GitHub	环形图	GitHub — 编程语言使用饼图	展示用户在代码库中使用的编程语言占比分布			每种语言用其官方品牌色，占比最大的加粗弧边	弧外标注语言名+百分比，中心留空	居中环形图 + 右侧图例列表	Sans 12px 语言名 + 11px 百分比，等宽数字	第一眼→最大的弧（主语言） → 第二眼→颜色编码（辨识语言） → 最终理解→语言栈的宽度	环形图,GitHub
349	Apple Health / Apple Watch	同心环进度图	Apple Health — 活动环进度图	展示每日三个健康目标的完成度（活动/锻炼/站立），激励闭环			三个不同颜色的同心环，填充进度=完成度，未完部分暗色	环内标注目标值，外标注当前值和卡路里/分钟/小时	居中三环同心 + 底部数据摘要	Sans 20px 中心数字 + 12px 环标签，SF Pro 圆体	第一眼→三个彩色环的填充程度 → 第二眼→哪个环没满 → 最终理解→"站起来走走就能闭环"	同心环进度图,Apple Heal
350	Google Trends	迷你折线图（Sparkline）	Google — 搜索趋势迷你折线图	在搜索结果页内嵌展示关键词的搜索趋势，快速传递"在涨/在跌"			上升趋势用蓝色实心填充线下方，下降趋势无填充	极简——仅折线+端点值，无轴无网格	搜索结果卡片内嵌迷你图	Sans 10px 极简，仅端点数值	第一眼→折线的方向（上/下） → 完成——无需更多	迷你折线图（Sparkline,Google Tre
351	Netflix	堆叠面积图	Netflix — 观看时长分布面积图	展示用户过去一年按类型的观看时长分布，制造"你的观影足迹"叙事			最常看的类型用品牌红 #E50914 加粗上沿，其余类型半透明	面积内标注类型名，峰值标注总时长	水平时间轴堆叠面积，按类型分层	Sans 14px 类型标签 + 20px 总时长，圆体	第一眼→红色区域有多宽 → 第二眼→哪些月份看得最多 → 最终理解→"我居然花了xx小时看剧"	堆叠面积图,Netflix
352	Spotify Wrapped	桑基图（品牌风格）	Spotify — 音乐流派流动桑基图	展示用户从年初到年末的音乐流派流动变化，揭示品味的演变			最大流派流用品牌绿粗线，兴趣迁移的流用黄色标注	左右节点标注流派名+听歌时长，流宽编码时长	左端年初流派 → 右端年末流派 → 中间流线	Sans 13px 流派名 + 11px 时长，圆体	第一眼→最粗的绿色流线 → 第二眼→流线从哪个流派到哪个流派 → 最终理解→"从嘻哈转到电子"的品味变迁	桑基图（品牌风格）,Spotify Wr
353	Fitbit	柱状图（周视图）	Fitbit — 每周步数目标柱状图	展示本周每天的步数达成情况，激励持续达标			达标日用品牌蓝绿色 #00B0B9 实心填充，未达标灰色虚线框	柱顶标注步数，目标线虚线标注10,000步	7根垂直柱（周一-周日），水平目标线	Sans 12px 日期标签 + 14px 步数，数字等宽	第一眼→蓝绿色的达标柱和灰色的未达标柱 → 第二眼→目标线位置 → 最终理解→还差哪天就能"全勤"	柱状图（周视图）,Fitbit
354	Stripe Dashboard	迷你图组合仪表盘	Stripe — 支付成功率迷你图仪表盘	在一屏内展示支付成功率、延迟、拒付率等核心指标的当前值和趋势			异常指标用红色标注，正常指标紫色，每卡片内嵌迷你趋势线	卡片顶部指标名，中心大号当前值，底部7天趋势线	网格卡片布局，每卡片一个指标	Mono 24px 当前值 + Sans 12px 指标名	第一眼→异常红色的卡片 → 第二眼→紫色卡片的趋势方向 → 最终理解→全局健康状态	迷你图组合仪表盘,Stripe Das
355	GitHub	波浪面积图	GitHub — 代码仓库活跃度波浪图	展示代码仓库在过去30天的提交/PR/Issue活跃度的波动节奏			活跃高峰用亮绿 #39D353 填充，低谷用深绿半透明	峰值标注事件（"v2.0 发布"），底部标注日期	水平面积图，30天窗口，填充线下方	Sans 10px 日期 + 11px 事件标注	第一眼→绿色波峰的位置 → 第二眼→波峰对应什么事件 → 最终理解→发布节奏与社区活跃度的关系	波浪面积图,GitHub
356	Reuters Graphics	地图+时间线组合	Reuters Graphics — 叙利亚内战时间线地图	展示叙利亚内战期间控制区的动态变化，用地图+时间轴讲述领土争夺			政府军控制区红色，反对派蓝色，ISIS 黑色，时间轴可拖拽	关键战役标注在地图上（城市名+日期），底部时间轴标注里程碑	上半幅地图 + 下半幅时间轴联动	Serif 14px 战役标注 + Sans 11px 时间轴标签	第一眼→地图上的红/蓝/黑色块 → 第二眼→拖动时间轴看变化 → 最终理解→政府军逐步收复的过程	地图+时间线组合,Reuters Gr
357	Reuters Graphics	动态条形图赛跑（Bar Chart Race）	Reuters Graphics — 全球疫苗接种进度竞赛条形图	展示各国疫苗接种率的动态排名变化，制造"竞赛"叙事			当前领先国用对应国旗色加粗条，其余灰色，顶部标注日期	条端标注国家名+接种率%，日期大号居顶	水平条形图动态排名，12-15个国家参赛	Sans 14px 国名 + 16px 接种率，日期32px加粗	第一眼→谁在领先 → 第二眼→排名变化的翻转瞬间 → 最终理解→以色列/阿联酋的先发优势被追赶	动态条形图赛跑（Bar Cha,Reuters Gr
358	Associated Press	河流图	AP — 气候灾害频率河流图	展示过去50年不同类型气候灾害（洪水/干旱/飓风/野火）的频率变化			每种灾害独立颜色河流，近期增长最快的河流加粗上沿	河流末端标注灾害类型，峰值处标注发生次数	水平时间轴河流图，河道宽度=频率	Sans 13px 灾害类型 + 11px 数值	第一眼→河流整体在"涨水" → 第二眼→哪条河涨得最快（野火） → 最终理解→气候灾害的全面恶化	河流图,Associated
359	Al Jazeera	路径流线图	Al Jazeera — 加沙冲突伤亡路径图	展示冲突中平民从居住地到避难所的被迫迁移路径			迁移路径用红色箭头，避难所用黄色圆点，冲突区用深红脉冲	路径标注人数，避难所标注容量和当前人数	地区地图底图 + 流线箭头 + 叠加统计面板	Sans 12px 地点标注 + 14px 统计数字，路径标注微型	第一眼→红色箭头的方向和密度 → 第二眼→避难所的容量压力 → 最终理解→被迫迁移的规模和方向	路径流线图,Al Jazeera
360	South China Morning Post	水墨风格时间线	South China Morning Post — 中国朝代时间线水墨图	用中国传统水墨风格展示中国主要朝代的更替时间线，传递历史厚度			主要朝代（唐/宋/元/明/清）用金红色圆点，其余墨色小点	每个朝代标注名称+持续年数，大朝代附一句描述	水平时间轴，水墨渲染背景，节点竖排文字标注	Serif（宋体/楷体）竖排，16px 朝代名 + 12px 年数	第一眼→金红色的大朝代节点 → 第二眼→水墨渲染的历史纵深 → 最终理解→统一/分裂的周期律	水墨风格时间线,South Chin
361	The Pudding	交互散点图（滚动叙事）	The Pudding — 流行音乐歌词词汇演变交互图	展示流行音乐歌词中特定词汇在不同年代的频率变化，揭示文化趋势			当前讨论的词汇用粉色大点，其余词汇灰色小点，年代用滑块控制	散点旁标注词汇，频率轴标注百分比	滚动叙事 + 散点图联动，每段文字驱动一个视觉变化	Serif 16px 正文 + Sans 24px 词汇标注，大量留白	第一眼→一个跳出来的粉色词汇 → 第二眼→滚动看到它随年代的变化 → 最终理解→"love"在下降，"money"在上升	交互散点图（滚动叙事）,The Puddin
362	The Pudding	比较时间线（双轴散点）	The Pudding — 好莱坞电影对话性别比比较时间线	展示好莱坞电影中男性/女性角色对话台词量的对比和演变			女性台词占比超过50%的电影用红色大圆，其余灰色小圆	标注电影名+台词占比，异常值（女性主导）加大字号	横轴年份，纵轴女性台词占比，50%参考线加粗	Sans 12px 电影名 + 14px 百分比，大量留白	第一眼→50%参考线上方的红色大圆（罕见） → 第二眼→大多数点在参考线下方 → 最终理解→好莱坞对话的性别失衡	比较时间线（双轴散点）,The Puddin
363	Asahi Shimbun（朝日新闻）	日式信息图（竖排+图表混合）	Asahi Shimbun — 日本老龄化和歌式信息图	用日式排版和留白美学展示日本老龄化数据，传递"安静的变化"			老龄化率超过30%的年份用红色竖排标注，关键拐点加大字号	竖排文字标注年份和比率，图表间穿插短文说明	竖排信息图，从右到左阅读，图表+文字交替排列	Mincho（明朝体）竖排 16px 正文 + 24px 标题	第一眼→竖排文字的独特阅读感 → 第二眼→红色标注的年份节点 → 最终理解→从7%到29%的半个世纪	日式信息图（竖排+图表混合）,Asahi Shim
364	Le Monde	分面热力图	Le Monde — 法国大罢工参与率对比热力图	展示法国各行业在不同罢工日的参与率，揭示哪些行业最"团结"			高参与率深蓝 #002395，低参与率浅灰，交通行业行用红色边框	行标注行业名，列标注日期，格内标注参与率%	行=行业，列=罢工日，填充色=参与率	Serif 13px 行业标签 + Sans 10px 日期，法国衬线体	第一眼→深蓝色密集的行（交通/能源） → 第二眼→哪天参与率最高 → 最终理解→交通行业是罢工运动的脊梁	分面热力图,Le Monde
365	Der Spiegel（明镜周刊）	河流图	Der Spiegel — 德国能源转型河流图	展示德国从核能/煤电向可再生能源的转型过程，揭示Energiewende的进展和代价			可再生能源用绿色河流并加粗上沿，核能用黄色标注退场	河流末端标注能源类型+占比，2011年标注"福岛→退核"事件	水平时间轴河流图，按能源类型分层	Sans 14px 能源标签 + 12px 事件标注，Spiegel Franklin Gothik	第一眼→绿色河流在逐年变宽 → 第二眼→黄色核能河流在2011后收窄 → 最终理解→煤电的顽固+可再生的增长	河流图,Der Spiege
366	Reuters Graphics / Malofiej 29 金奖	径向时间轴（环形日历图）	Malofiej 金奖 —《路透社：新冠疫情全球传播时间线》	以 365 天为一圈，让读者感受病毒从武汉扩散到全球的"环形加速度"——同一种病毒在不同时区反复上演相同悲剧			各国首例确诊日用红色脉冲点标注，点越密代表传播越快；中国段加粗描边	关键节点（WHO宣布PHEIC、各洲首例）用径向引线标注到外圈，日期+国名	中心放病毒微观结构示意图，外围 12 段弧线对应月份，径向引线辐射出去	Sans-serif（Source Sans Pro），月份标签 14px 加粗，事件标注 11px 常规	第一眼→中心病毒图 → 第二眼→红色脉冲沿环形蔓延的节奏 → 最终理解→时间密度差异揭示传播加速度	径向时间轴（环形日历图）,Reuters Gr
367	The New York Times / Malofiej 30 最佳展示作品	点密度地图（Dot Density Map）	Malofiej 金奖 —《纽约时报：美国枪支暴力地图》	每一个点代表一个枪支暴力受害者，让读者从视觉密度的窒息感中理解"这不是统计数字，是密集的生命"			枪击致死事件用橙色实心点，枪击受伤用半透明橙色，人口密度作为灰色底图参照	城市名标注在点密度最高的区域中心，底部放年度汇总条带	全幅美国地图，点层叠加在行政边界之上，底部水平时间轴迷你条带	Sans-serif（Franklin Gothic），城市标注 10px，标题 36px 粗体	第一眼→东海岸和芝加哥区域的橙色密集点群 → 第二眼→单个点放大后看清每个点代表一个人 → 最终理解→城市间密度的数量级差异	点密度地图（Dot Densi,The New Yo
368	Kantar "Information is Beautiful" 2023 长名单	声波形态图（Waveform Visualization）	Kantar 信息之美 —《睡眠周期的声音可视化》	将一整夜的睡眠数据转化为声波形态，深睡阶段波幅大而缓，REM 阶段波频密而急，让读者"看见"自己每晚的内部节奏			深睡段用主色实心填充，REM段用辅色描边不填充，清醒段用 #FF7043 锯齿标注	左侧纵轴标注睡眠阶段名，底部横轴标注时间刻度，关键觉醒点用三角标记	垂直时间轴从上（入睡）到下（醒来），每个睡眠周期是一组水平声波行	Sans-serif（Inter），阶段名 12px 加粗，时间刻度 9px 等宽	第一眼→整体波形的"呼吸感"节奏 → 第二眼→深色填充段（深睡）和锯齿段（觉醒）交替 → 最终理解→90分钟一个睡眠周期的规律	声波形态图（Waveform ,Kantar "In
369	The Guardian / Malofiej 28 银奖	时间序列面积图（动态）	Malofiej 银奖 —《卫报：北极冰层 40 年消融动画》	40 年北极冰层面积的缩减不是渐变的——而是"前 30 年慢慢退，后 10 年崩塌式消失"，用面积图的塌缩制造不可逆的紧迫感			冰层面积用渐变蓝色实心填充（深=多年冰，浅=一年冰），2012年最低点用红色虚线标注	关键年份（1980/2000/2012/2020）标注冰层面积数值，右下角放线性趋势线做对比	横向时间轴，冰层面积从上往下缩减，留白区域即"消失的冰"	Sans-serif（Guardian Egyptian），标题 28px 加粗，数据标注 11px	第一眼→左侧大面积蓝色 → 第二眼→右侧面积急剧缩小，2012红线 → 最终理解→面积缩减是非线性的，加速消融	时间序列面积图（动态）,The Guardi
370	The Washington Post / Malofiej 31 金奖	森林图（Forest Plot）+ 连接带（Connected Dot Plot）	Malofiej 金奖 —《华盛顿邮报：美国种族财富差距的代际追踪》	展示 1968-2020 年间白人和黑人家庭中位财富差距不仅没有缩小，反而在某些年代扩大——"50 年过去了，差距纹丝不动"			每个年代用一对水平圆点（蓝/红），圆点间距=差距大小；2008年金融危机后间距最大的年份用红色背景带高亮	每个年代标注中位财富数值，顶部放标题"50 years, $0 progress"	垂直年代轴，水平轴=中位财富，每个年代一对左右偏移的圆点	Serif（Postoni），标题用大号衬线体制造新闻感，数据标注 Sans-serif	第一眼→两条线从未交汇 → 第二眼→2008年后间距拉大 → 最终理解→"零进步"标题与数据的致命吻合	森林图（Forest Plot,The Washin
371	Kantar "Information is Beautiful" 2022 决赛作品	弧形流向地图（Flow Map）	Kantar 信息之美 —《全球塑料污染贸易流向图》	揭示发达国家如何将塑料"回收"的名义下将废料出口到东南亚——一条弧线=一船塑料垃圾，粗细=吨位			出口国用橙色实心点标注，进口国用浅橙色脉冲环标注，流量弧线用橙色渐变	前 5 大出口-进口对标注吨位和国家名，其余用交互悬停展示	深色底世界地图，弧线从出口国弯曲到进口国，弧高=距离	Sans-serif（Roboto），国家名 11px，标题 24px	第一眼→最粗的弧线（美国→东南亚） → 第二眼→弧线的汇聚点（马来西亚/越南） → 最终理解→"回收"的地缘政治	弧形流向地图（Flow Map,Kantar "In
372	Propublica / Malofiej 27 卓越奖	一维散点条带（Strip Plot / Dot Strip）	Malofiej 卓越奖 —《Propublica：美国国会投票的理想点估计图》	将每位议员的意识形态从左到右排列成一个点——左边最自由，右边最保守，中间派的稀少一目了然			民主党点蓝色，共和党点红色，两党交界处用灰色虚线标注"中位分界"，被标注的议员用更大圆点	关键议员（党魁、摇摆票）标注姓名，顶部放总统位置作为参照锚点	单行水平散点，纵轴无意义，纯一维排列	Sans-serif（Helvetica Neue），议员名 9px，标题 20px	第一眼→蓝红两团点之间的大段空白 → 第二眼→空白中零星几个灰色点（中间派） → 最终理解→政治极化的量化画像	一维散点条带（Strip Pl,Propublica
373	National Geographic / Malofiej 29 金奖	分层流向地图（Layered Flow Map）	Malofiej 金奖 —《国家地理：帝王蝶迁徙路径的分层地图》	展示帝王蝶从加拿大到墨西哥 4000 公里的迁徙路径，叠加温度带、栖息地变化和人为威胁——一趟旅程正在变得越来越艰难			迁徙主线用金黄色粗线，途经的危险区域（城市扩张、农药区）用红色半透明叠加	关键栖息地标注地名和停留天数，底部放温度带横截面图	纵向北美地图，路径从上（加拿大）到下（墨西哥），右侧嵌温度横截面	Serif（Georgia），地名 11px 斜体，标题 30px 衬线加粗	第一眼→金黄色迁徙主线穿越绿色大陆 → 第二眼→线上的红色斑块（威胁区） → 最终理解→温度带的季节变化如何限制迁徙窗口	分层流向地图（Layered ,National G
374	Kantar "Information is Beautiful" 2021 决赛作品	径向树图（Radial Dendrogram）	Kantar 信息之美 —《全球语言家族关系树》	以印欧语系为中心，展示全球语言家族的分化关系——从同一个根源出发，如何分叉成数百种语言			主要语系用不同色相（印欧 #8D6E63, 汉藏 #558B2F, 闪含 #F57F17），小语种用棕色细线	语系名标注在分叉节点，使用人数>1亿的语言加粗标注使用人数	中心=原始语根，径向向外展开，每个分支角度编码子语言数量	Sans-serif（Noto Sans），语系名 13px 加粗，小语种 8px	第一眼→中心分叉点的辐射结构 → 第二眼→找到自己母语的分支 → 最终理解→印欧语系占据了近半圆	径向树图（Radial Den,Kantar "In
375	Financial Times / Malofiej 30 银奖	蜂群图（Beeswarm Plot）	Malofiej 银奖 —《金融时报：全球供应链重新布局的蜂群图》	展示全球制造业正在从中国"分散"到越南、印度、墨西哥——但分散程度远不如媒体报道的那样剧烈			中国点深蓝且略大，其他亚洲国家用橙色，墨西哥用 #2E7D32，每个点=一家跨国工厂	国家名标注在各自蜂群簇的中心，y轴=投资年份	垂直时间轴（y），水平散开（无严格x轴），形成时间切片上的蜂群簇	Sans-serif（Metric, FT 品牌字体），标注 10px，标题 22px	第一眼→蓝色蜂群（中国）的缩小 → 第二眼→橙色蜂群（越南等）的膨胀 → 最终理解→分散趋势存在但速度被夸大	蜂群图（Beeswarm Pl,Financial 
376	Los Angeles Times / Malofiej 28 金奖	脊线图（Ridgeline / Joy Plot）	Malofiej 金奖 —《洛杉矶时报：加州野火季的年度对比脊线图》	将每年野火的面积分布叠成"山脉"——每座"山"是一年的燃烧面积，山越来越高、越来越宽			年份越近颜色越深（浅橙→深红），2020年（最严重年份）用实心填充+红色描边	每条脊线右侧标注年份，底部标注月份，顶部放累计面积总数	垂直堆叠的密度曲线，共享x轴（月份），y轴为燃烧面积密度	Sans-serif（Source Sans Pro），年份标注 10px，标题 26px	第一眼→从上到下"山脉"越来越高 → 第二眼→颜色从浅橙变成深红 → 最终理解→近10年的极端化趋势	脊线图（Ridgeline /,Los Angele
377	Kantar "Information is Beautiful" 2020 决赛作品	对称径向条形图（Radial Bar Chart）	Kantar 信息之美 —《新冠疫情封锁下的城市噪音变化》	以 24 小时为环，对比封锁前后城市各时段的噪音分贝——封锁让白天的城市安静了，但夜晚反而更吵（邻居活动后移）			封锁前条形向外延伸（绿色），封锁后叠加在内部（橙色），差异大的时段条形加粗	环外标注时段（0:00-23:00），差异最大时段（20:00-23:00）用红色标注分贝差值	24 段弧对应 24 小时，每段双条形（内外对比）	Sans-serif（Open Sans），时段标注 9px，标题 24px	第一眼→绿色和橙色条形的差异分布 → 第二眼→白天绿色更长（更吵），晚上橙色更长 → 最终理解→封锁没有让城市安静，只是重新分配了噪音	对称径向条形图（Radial ,Kantar "In
378	Boston Globe / Malofiej 29 卓越奖	情感弧线图（Emotional Arc / Sentiment Timeline）	Malofiej 卓越奖 —《波士顿环球报：波士顿马拉松成绩分布的情感弧线》	将每位完赛者的配速数据叠加，形成"万条弧线"——大多数人在心碎坡（Heartbreak Hill）掉速，但精英选手的弧线几乎水平			大众选手用半透明灰色弧线，精英选手用金黄色加粗弧线，赛道高亮段用白色虚线标注	赛道关键点（起点、心碎坡、终点）标注在底部，精英选手弧线末端标注姓名	x轴=赛道路程（公里），y轴=累计时间偏差，每人一条弧线叠加	Sans-serif（Akzidenz Grotesk），赛程标注 10px，标题 28px	第一眼→灰色弧线在 30km 处集体上扬（掉速） → 第二眼→金黄色弧线穿过灰色云层保持水平 → 最终理解→精英与大众的差距不在起点在心碎坡	情感弧线图（Emotional,Boston Glo
379	The Economist / Malofiej 31 金奖	坡度图矩阵（Slopegraph Matrix）	Malofiej 金奖 —《经济学的人：全球生育率下降的波浪图》	展示全球各国生育率从 1950 到 2020 的变化——几乎所有国家都在下降，但下降速度和起点完全不同			下降线用红色（经济学人品牌色），上升或持平的少数国家用黑色粗线	左端标注 1950 生育率，右端标注 2020 生育率，标题"Replacing themselves?"	分面坡度图，每个国家一格，网格排列，共享双端刻度	Serif（Economist自定义Serif），数值 10px，国家名 9px	第一眼→整片红色下坡线 → 第二眼→找到少数黑色持平/上升的国家（以色列、尼日尔） → 最终理解→2.1的替代水平线将世界分为"收缩"和"增长"两半	坡度图矩阵（Slopegrap,The Econom
380	Kantar "Information is Beautiful" 2022 决赛作品	单位图 / 等比例图标图（Isotype / Proportional Symbol Grid）	Kantar 信息之美 —《食物碳足迹的等比例图标图》	用等面积方块代表等量碳排放，把牛排（高碳）和豆腐（低碳）的碳排放差距变成"一堵墙 vs 几块砖"的视觉冲击			每种食物用不同颜色方块组，牛肉的方块阵列占据整行，蔬菜只有角落几块	方块组上方标注食物名，右侧标注 kg CO2 数值，底部放 1 块=1kg CO2 的比例尺	横向排列的食物对比，每种食物一行方块，方块数量=碳排放当量	Sans-serif（Roboto），食物名 14px 加粗，数值 18px 加粗	第一眼→牛肉那一长排方块 vs 豆腐那几块 → 第二眼→右边的 CO2 数值确认视觉判断 → 最终理解→饮食选择对碳排放的数量级影响	单位图 / 等比例图标图（Is,Kantar "In
381	UN Statistics Division / SDG Indicators Global Database	子弹图矩阵（Bullet Graph Matrix）	UN Data —《全球 SDG 进度仪表盘》	17 项可持续发展目标，每项显示当前进度 vs 2030 目标——大部分目标严重滞后，只有少数在轨道上			达标目标用 SDG 绿色条，滞后目标用 UN 蓝色条，严重滞后用 #DDDDDD 浅灰条	每行左侧标注 SDG 编号+简称，右侧标注完成百分比，2030 目标线用红色竖线	17 行水平子弹图，三层灰度背景带（目标区间），共享百分比 x 轴	Sans-serif（Arial），SDG 编号 12px 加粗，百分比 14px	第一眼→哪些行碰到了目标红线 → 第二眼→大面积蓝色/灰色（未达标）vs 少量绿色（达标） → 最终理解→SDG 整体进度堪忧	子弹图矩阵（Bullet Gr,UN Statist
382	World Bank Poverty and Inequality Platform	阶梯面积图（Step Area Chart）	World Bank —《全球贫困率下降的阶梯面积图》	展示 1990-2020 年全球每日 $1.90 以下贫困人口的下降——但 2020 年新冠疫情让曲线首次"回头"			下降期用深蓝实心填充，2020 年回升段用 #D32F2F 红色描边	关键年份标注贫困率数值，2020 年标注"COVID-19 reversal"，底部注释数据来源	横向时间轴，y 轴=贫困人口（百万），阶梯式下降 + 最后一步回升	Sans-serif（Segoe UI），数据标注 11px，标题 20px 加粗	第一眼→整体下降趋势 → 第二眼→2020 年红色回升段 → 最终理解→30 年成果被一年侵蚀	阶梯面积图（Step Area,World Bank
383	OECD Income Distribution Database	蝴蝶图（Butterfly / Tornado Chart）	OECD —《成员国收入不平等的蝴蝶图》	中间是基尼系数 0.3 的基准线，左侧=最穷 10% 收入占比，右侧=最富 10% 收入占比，每个国家一行，制造"左右不对称=不平等"的直觉			最穷 10% 用浅蓝色条，最富 10% 用深蓝色条，基准线用红色虚线	国家名居中，左右两端标注收入占比百分比	中轴基准线，左右对称展开，按总不对称度降序排列	Sans-serif（Calibri），国家名 10px，百分比 11px 加粗	第一眼→最不对称的国家（墨西哥、智利） → 第二眼→北欧国家的左右几乎等长 → 最终理解→基尼系数的直觉化呈现	蝴蝶图（Butterfly /,OECD Incom
384	IMF World Economic Outlook Database	堆叠面积图（Stacked Area Chart）	IMF —《全球债务占 GDP 比例的堆叠面积图》	展示 2000-2025 全球总债务的结构演变——政府、企业、家庭谁在加杠杆			政府债务层用最深蓝，企业债务用中蓝，家庭债务用浅蓝，2020年COVID段用红色标注	右侧每层末端标注债务类型和占 GDP 比例，2008和2020年用垂直参考线	时间轴 x 轴，百分比 y 轴，三层堆叠	Sans-serif（Open Sans），层标签 11px，标题 18px	第一眼→总面积从左到右的增长 → 第二眼→2008 和 2020 的两个跳升台阶 → 最终理解→企业债务是最大的增量来源	堆叠面积图（Stacked A,IMF World 
385	中国国家统计局年度统计公报	100% 堆叠柱状图（100% Stacked Column）	中国国家统计局 —《中国 GDP 三次产业构成演变》	展示 1978-2025 中国经济从"农业主导"到"服务业主导"的结构转型——第三产业的崛起是最大的叙事			第一产业用绿色，第二产业用金色，第三产业用红色，2012 年（三产超二产）用红色虚线标注	右侧标注各产业占比，关键转折点标注年份和事件	时间轴 x 轴，100% y 轴，每根柱三段	Sans-serif（思源黑体），产业名 11px，年份 9px	第一眼→红色段（第三产业）从底部到顶部的扩张 → 第二眼→2012 年红线交叉点 → 最终理解→中国经济结构的根本性转变	100% 堆叠柱状图（100%,中国国家统计局年度统
386	UN Population Division / World Population Prospects	人口金字塔（Population Pyramid）	UN Data —《全球人口年龄结构的人口金字塔对比》	叠加 2000 年和 2050 年（预测）两张人口金字塔，展示全球"老龄化"如何让金字塔从"宽底尖顶"变成"上下等宽"			2000年蓝色半透明填充，2050年橙色半透明叠加，60岁以上段用加粗描边	左侧标注年龄段，底部标注人口数（百万），顶部标注中位年龄	标准人口金字塔，中轴=年龄段，左右=男/女	Sans-serif（Arial），年龄段 9px，标题 18px	第一眼→蓝色金字塔的宽底 vs 橙色金字塔的直筒 → 第二眼→60岁以上段的橙色溢出蓝色 → 最终理解→中位年龄从 26.6 上升到 36.2	人口金字塔（Populatio,UN Populat
387	中国国家统计局分省年度数据	分级统计地图（Choropleth Map）	中国国家统计局 —《各省人均 GDP 分级统计地图》	展示中国各省人均 GDP 的空间分布——沿海深红、中部浅红、西部灰白，"胡焕庸线"的影子清晰可见			人均 GDP 前 5 省份用最深红色，后 5 省份用最浅粉，直辖市用圆圈符号叠加标注	省名标注在各省中心（空间允许），右下角放图例色阶条	标准中国地图（含南海诸岛），分省填充色	Sans-serif（思源黑体），省名 8px，图例 9px	第一眼→沿海深红带 → 第二眼→西部大面积浅色 → 最终理解→人均 GDP 的梯度与"胡焕庸线"高度重合	分级统计地图（Chorople,中国国家统计局分省年
388	World Bank Doing Business Report（已终止，历史数据）	棒棒糖图（Lollipop Chart）	World Bank —《营商环境排名的棒棒糖图》	展示营商环境排名前十和后十国家的得分差距——前十名几乎满分，后十名不到 40 分			得分>80 用深蓝圆点，得分<40 用红色圆点，圆点大小编码得分	国家名左侧标注，右侧标注得分，中位数用灰色虚线	水平棒棒糖，按得分降序排列，顶部前10+底部后10	Sans-serif（Segoe UI），国家名 10px，得分 12px 加粗	第一眼→深蓝大圆点和红色小圆点的视觉断层 → 第二眼→中间灰色中位数线 → 最终理解→营商环境的全球不平等	棒棒糖图（Lollipop C,World Bank
389	OECD PISA Results & Education at a Glance	散点气泡图（Scatter Bubble）	OECD —《教育支出与学生成绩的散点气泡图》	x 轴=生均教育支出，y 轴=PISA 数学成绩，气泡大小=学生数量——钱能买来成绩吗？能，但边际递减很明显			效率高的国家（低投入高成绩）用绿色描边，低效国家（高投入低成绩）用红色描边	关键国家标注国名，趋势线叠加，标注 R² 值	标准散点+气泡，叠加对数趋势线	Sans-serif（Calibri），国名 9px，标题 18px	第一眼→趋势线向右上弯曲（对数） → 第二眼→左上角绿色描边国家（爱沙尼亚等高性价比） → 最终理解→钱很重要但过了某个点效果骤降	散点气泡图（Scatter B,OECD PISA 
390	IMF World Economic Outlook	矩阵热力图（Heatmap Timeline）	IMF —《通货膨胀的全球热力时间线》	行=国家，列=年份，颜色=通胀率——2021-2023 年全球性的"红色浪潮"前所未有			低通胀用绿色，中通胀用黄色，高通胀用红色渐变，>10% 用深红	行标注国家名，列标注年份，右上角放 2022 年最高通胀国家标注	行列矩阵，色块填充，按 2022 年通胀率降序排列行	Sans-serif（Open Sans），国家名 8px，年份 9px	第一眼→2022 年那一列几乎全红 → 第二眼→2020 年那一列几乎全绿 → 最终理解→2021-2023 的通胀冲击是全球性的	矩阵热力图（Heatmap T,IMF World 
391	国家统计局月度统计公报	偏差条形图（Diverging Bar Chart）	中国国家统计局 —《全国居民消费价格指数分类涨跌幅》	以 100 为中轴，左侧=价格下降的品类，右侧=价格上涨的品类——哪些消费品在涨价、哪些在降价一目了然			涨价品类用红色条，降价品类用绿色条，幅度>3% 的品类条形加粗	品类名在条形外侧，条形末端标注涨跌幅百分比	中轴=100（持平），左右展开，按涨跌幅绝对值降序	Sans-serif（思源黑体），品类名 10px，百分比 11px 加粗	第一眼→最长的红色条（食品烟酒） → 第二眼→绿色条的品类（交通通信） → 最终理解→CPI 背后的结构性差异	偏差条形图（Diverging,国家统计局月度统计公
392	UNFCCC / Emissions Gap Report	桑基图（Sankey Diagram）	UN Data —《全球温室气体排放的桑基图》	展示全球温室气体从排放源（能源/农业/工业/废弃物）到气体类型（CO2/CH4/N2O）的流量分配			能源部门用 UN 蓝（最大流量），农业用 SDG 绿，工业用金黄	节点标注部门名和排放占比，流上标注 GtCO2e 数值	左→右流向，左排放源→中间气体类型→右最终归总	Sans-serif（Arial），节点名 11px 加粗，流量值 10px	第一眼→最宽的蓝色流（能源→CO2） → 第二眼→农业和废弃物的细流 → 最终理解→能源占 73%，CO2 占 75%，两个大头高度重合	桑基图（Sankey Diag,UNFCCC / E
393	World Bank Urban Development Data	小多图地图矩阵（Small Multiple Maps）	世界银行 —《全球城市化率的动态地图（1960-2025）》	每 10 年一张世界地图，用色深编码城市化率——1960 年只有欧美深色，2025 年几乎全球都在加深			城市化率>70% 用深蓝，<30% 用浅灰蓝色，每张地图底部标注年份	每张小地图标注年份和全球平均城市化率	2x4 网格（8个时间切片），每格一张简化世界地图	Sans-serif（Segoe UI），年份 14px 加粗，标题 20px	第一眼→从左到右、从上到下的颜色加深过程 → 第二眼→非洲始终最浅 → 最终理解→城市化是全球化最稳定的趋势之一	小多图地图矩阵（Small M,World Bank
394	OECD Employment Outlook	标注散点图（Annotated Scatter）	OECD —《工作时间与生产率的负相关散点》	x 轴=年均工作小时，y 轴=每小时 GDP——工作时间越长的国家，每小时产出反而越低			OECD 平均用红色十字标注，效率最高国家（爱尔兰、卢森堡）用橙色描边	所有国家标注缩写，趋势线叠加，标注 Pearson r = -0.65	标准散点，叠加线性趋势线	Sans-serif（Calibri），国名缩写 8px，标题 18px	第一眼→负相关趋势线 → 第二眼→右下角（长工时低产出）和左上角（短工时高产出） → 最终理解→"更努力"不等于"更高效"	标注散点图（Annotated,OECD Emplo
395	中国统计年鉴工业篇	多指标索引折线图（Indexed Multi-line Chart）	中国国家统计局 —《主要工业产品产量的多指标折线图》	将钢、水泥、汽车、手机产量全部标准化到 2000=100，看 20 年间谁增长最快——手机指数爆炸式增长远超其他			手机线用蓝色且最粗，其他三条线等粗，手机线末端标注指数值	右侧标注产品名和最终指数，底部标注关键事件（加入WTO、4G/5G）	标准折线图，所有线从 100 出发，y 轴用对数刻度	Sans-serif（思源黑体），产品名 11px，标题 18px	第一眼→蓝色线（手机）的垂直起飞 → 第二眼→其他三条线的平缓增长 → 最终理解→信息技术产业的增长是传统工业的数十倍	多指标索引折线图（Indexe,中国统计年鉴工业篇
396	Observable / D3 Gallery（Mike Bostock 原始范例演化）	力导向图（Force-directed Graph）	Observable/D3 —《力导向网络：全球贸易关系图》	每个节点=一个国家，连线=双边贸易额，节点大小=GDP，颜色=洲——贸易网络不是均匀的，而是围绕几个超级枢纽聚集			超级枢纽（美/中/德）用更大的圆和更亮的描边，连接线用白色半透明	GDP 前 20 国家标注国名，其余悬停展示	力导向布局，节点自由定位，无固定坐标轴	Sans-serif（Source Sans Pro），国名 10px，标题 22px	第一眼→三个最大节点（美中德）和密集的连线簇 → 第二眼→非洲节点少且小，连线稀疏 → 最终理解→全球贸易的"核心-边缘"结构	力导向图（Force-dire,Observable
397	D3 Calendar View / GitHub Contribution Graph	日历热力图（Calendar Heatmap）	D3 Gallery —《日历热力图：GitHub 贡献活动》	以一年 365 天为网格，每天一个色块，颜色深度=活动量——展示"工作习惯"的节奏和持续性			有活动的天用绿色深浅，无活动用 #161B22 暗格，连续活跃段自然形成"绿带"	顶部标注月份，左侧标注星期几，悬停显示具体日期和次数	53 列 x 7 行的网格，每格=一天，按周排列	Sans-serif（-apple-system），月份 10px，星期 9px	第一眼→绿色密集带（高产期）和暗色空窗期 → 第二眼→周末列（周六日）是否也有绿色 → 最终理解→个人工作节奏的全年画像	日历热力图（Calendar ,D3 Calenda
398	R ggplot2 社区 / geom_violin 典型应用	小提琴图（Violin Plot）	R ggplot2 —《四城市 PM2.5 分布的小提琴图》	展示四个城市一年内 PM2.5 日均值的分布形态——北京双峰分布（冬高夏低），上海偏态，洛杉矶窄而低			每个城市一个小提琴，内部叠加箱线图（中位数+四分位），ggplot2 默认灰色主题	底部标注城市名，左侧标注 PM2.5 刻度，中位数用白色圆点标注	并列小提琴，共享 y 轴，标准 ggplot2 分面风格	Sans-serif（Helvetica/Arial），城市名 12px，标题 16px	第一眼→北京小提琴最胖且最高 → 第二眼→内部箱线图的中位数位置 → 最终理解→分布形态（双峰/偏态/窄峰）比均值更能描述空气质量	小提琴图（Violin Plo,R ggplot2 
399	matplotlib/seaborn 科研论文典型图	分面柱状图（Faceted Bar Chart）	Python matplotlib —《机器学习模型精度对比的分面柱状图》	在 4 个数据集上对比 5 个模型的精度——每个分面一个数据集，柱高=精度，制造"谁在哪个场景最强"的交叉对比			每个模型一种 matplotlib 默认色，最佳模型柱加粗描边	柱顶标注精度值（小数点后两位），底部标注模型名缩写，每个分面标注数据集名	1x4 水平分面，每个分面 5 根并排柱	Sans-serif（DejaVu Sans），模型名 9px，数据集名 12px	第一眼→哪个分面整体柱最高（最容易的数据集） → 第二眼→每个分面内最高的柱（最佳模型） → 最终理解→没有万能模型，场景决定选择	分面柱状图（Faceted B,matplotlib
400	Tableau Public / World Happiness Report 可视化	动态条形图赛跑（Bar Chart Race）	Tableau Public —《全球幸福感排名的动态条形图赛跑》	以动画形式展示 2005-2025 年全球幸福指数排名的变化——芬兰从无名到连续霸榜，某些国家大起大落			每个国家一种固定颜色，排名变化时条形滑动+数值更新，前 10 名显示	条形末端标注国名和分数，顶部标注年份和全球平均	水平条形图排名，动态更新排名和长度	Sans-serif（Tableau 品牌字体），国名 12px，年份大号显示 48px	第一眼→当前年份的排名 → 第二眼→条形滑动时的上升/下降轨迹 → 最终理解→长期趋势（北欧持续霸榜）vs 短期波动（战乱国暴跌）	动态条形图赛跑（Bar Cha,Tableau Pu
401	Observable / D3 Chord Diagram 示例	弦图（Chord Diagram）	Observable/D3 —《美国选举结果的弦图》	展示选民从上届到本届的"投票转移"——多少共和党支持者转向民主党，多少民主党支持者转向共和党，多少保持不变			民主党段蓝色，共和党段红色，转移弦用双色渐变（从源色到目标色）	外圈标注党派名和选民数，关键转移弦标注百分比	标准弦图，外弧=党派，弦=投票转移流量	Sans-serif（Source Sans Pro），党派名 12px，标题 20px	第一眼→最粗的弦（忠实选民，同色） → 第二眼→双色渐变弦（倒戈选民） → 最终理解→选举结果由少数摇摆选民决定	弦图（Chord Diagra,Observable
402	R ggplot2 / GGally::ggpairs 经典示例	散点矩阵（Scatterplot Matrix / SPLOM）	R ggplot2 —《鸢尾花数据的分面散点矩阵》	展示鸢尾花四个测量维度之间的所有两两关系——对角线=分布直方图，下三角=散点，上三角=相关系数			三种鸢尾花用三种颜色，每种散点带透明度避免过覆盖	对角线标注变量名，上三角标注 Pearson r 值	4x4 对称矩阵，对角线=密度图，下三角=散点，上三角=相关系数	Sans-serif（Helvetica），变量名 10px，相关系数 9px	第一眼→对角线的分布差异 → 第二眼→散点图中分离最开的变量对 → 最终理解→花瓣长度和宽度是最强的分类特征	散点矩阵（Scatterplo,R ggplot2 
403	Processing 社区 / Creative Coding 作品	粒子可视化（Particle Visualization）	Processing 社区 —《声音频谱的实时粒子可视化》	将实时声音频谱数据映射为粒子系统——低频产生大粒子慢运动，高频产生小粒子快运动，音量控制粒子数量			低频粒子用暖色（红/橙），高频粒子用冷色（青/蓝），音量峰值时所有粒子加速	底部标注频率范围，左下角标注当前分贝值	全屏粒子画布，中心扩散，频谱数据驱动粒子行为	Mono（Fira Code），频率标注 10px，数值 14px	第一眼→粒子运动的整体节奏（与音乐同步） → 第二眼→冷暖色粒子的分布（频段） → 最终理解→粒子行为 = 声音参数的可视映射	粒子可视化（Particle ,Processing
404	seaborn / Palmer Penguins 数据集	分面核密度估计图（Faceted KDE）	Python seaborn —《企鹅数据的分面核密度图》	三种企鹅的体重和翅膀长度分布——同一张图内不仅看得到物种差异，还看得到同一物种内的性别双态			每个物种一种颜色，每个分面叠加雄/雌两条密度曲线（实线/虚线）	分面标题=物种名，右上角图例标注性别，x 轴标注单位	1x3 水平分面，每个分面双密度曲线	Sans-serif（DejaVu Sans），物种名 12px，标题 16px	第一眼→三个分面曲线的位置和宽度差异 → 第二眼→同一分面内的双峰（性别差异） → 最终理解→物种差异 > 性别差异，但性别差异在所有物种中一致存在	分面核密度估计图（Facete,seaborn / 
405	Tableau Public / 商业智能典型案例	瀑布图+KPI 卡片组合（Waterfall + KPI Cards）	Tableau Public —《销售漏斗的瀑布图仪表盘》	从毛收入到净收入的每一步损耗——退货、折扣、税费、运费——哪一步吃掉了最多利润			正向项蓝色，负向项红色，总计柱加粗，关键损耗步骤用红色 KPI 卡片	每根柱标注金额和占毛收入百分比，底部标注步骤名	横向瀑布图为主图，下方 3 个 KPI 卡片（毛利率/净利率/最大损耗项）	Sans-serif（Tableau 品牌字体），金额 12px 加粗，标题 20px	第一眼→瀑布图起点到终点的差距 → 第二眼→最粗的红色柱（最大损耗） → 最终理解→底部 KPI 卡片的净利率数字	瀑布图+KPI 卡片组合（Wa,Tableau Pu
406	Observable / D3 Geographic Projections	弧形流向地图（Arc Flow Map）	Observable/D3 —《全球移民流动的弧形地图》	展示 2010-2020 十年间全球主要移民流动——每条弧线=一个方向的人口流动，弧高=距离，粗细=人数			流出>100万人的弧线用橙色加粗，<10万的用浅蓝色细线	前 10 大流动对标注国家名和人数，其余交互展示	深色世界地图底图，弧线从来源国弯向目的国	Sans-serif（Source Sans Pro），国家名 9px，标题 20px	第一眼→最粗的橙色弧线（叙利亚→欧洲） → 第二眼→弧线的方向性（南→北为主） → 最终理解→全球移民的主要方向是从发展中国家到发达国家	弧形流向地图（Arc Flow,Observable
407	R stats::decompose / ggplot2 典型输出	时间序列分解图（Seasonal Decomposition）	R ggplot2 —《时间序列分解的经典四面板图》	将一条时间序列拆成趋势+季节+残差三部分——原始数据的"波动"中，多少是趋势、多少是季节、多少是噪音			原始数据用深灰实线，趋势分量用蓝色粗线，季节分量用红色细线，残差用浅灰点	每个面板标题标注分量名（原始/趋势/季节/残差），共享 x 轴时间刻度	4 面板纵向堆叠，共享 x 轴，面板间紧贴	Sans-serif（Helvetica），分量名 12px，时间刻度 9px	第一眼→原始数据的波动 → 第二眼→趋势面板的平滑走向 → 第三眼→季节面板的规律波形 → 最终理解→原始波动=趋势+季节+随机，各有来源	时间序列分解图（Seasona,R stats::d
408	matplotlib / sklearn.metrics 典型输出	混淆矩阵热力图（Confusion Matrix Heatmap）	Python matplotlib —《分类模型的混淆矩阵热力图》	展示分类模型在各类别上的混淆情况——对角线=正确分类，非对角线=误分类，找出模型最容易混淆的类别对			对角线格（正确预测）自动颜色最深，非对角线最大值用红色描边	每格标注数量和百分比，行标注真实类别，列标注预测类别	方阵网格，行=真实，列=预测	Mono（Consolas/Fira Code），数值 11px，类别名 10px	第一眼→对角线的深蓝色带 → 第二眼→非对角线中颜色最深的格子（最易混淆的类别对） → 最终理解→模型的整体精度和系统性弱点	混淆矩阵热力图（Confusi,matplotlib
409	Processing / OpenStreetMap 骑行数据可视化	轨迹热力叠加（Trajectory Heatmap Overlay）	Processing 社区 —《城市骑行轨迹的热力叠加》	将数千条城市骑行 GPS 轨迹叠加在地图上——热门路段自然形成亮色"河流"，冷门路段隐入背景			高频路段用暖色（黄→橙），低频路段用冷色（深蓝），无轨迹区域用暗灰蓝底图	底图保留主要道路名，左下角放骑行次数色阶条	城市地图底图 + GPS 轨迹线叠加 + 透明度累积产生热力效果	Sans-serif（Roboto），道路名 8px，标题 18px	第一眼→明亮的橙色"河流"穿过城市 → 第二眼→河流的分支和汇聚点 → 最终理解→城市骑行基础设施的供需缺口（热力区 vs 自行车道分布）	轨迹热力叠加（Trajecto,Processing
410	案例编号	案例编号	Observable/D3 —《全球互联网实时连接的脉冲地图》	以实时脉冲点展示全球互联网流量热点——每个脉冲点=一个数据中心，脉冲频率=当前流量，大小=带宽			读者第一眼应该看到什么？用颜色/粗细/位置引导	标注放哪决定了读图路径，只标注决策关键信息	布局即叙事结构 — 左右对比/上下时间/中心辐射	衬线=权威感，无衬线=现代感，等宽=数据感	三步走：第一眼抓注意力 → 第二眼建立理解 → 最终传递结论	案例编号,案例编号